longitud,real,predicho,edit_dist,cer_palabra,error_word
1,0,  ,1,1.0,1
1,z,  ,1,1.0,1
1,3,   ,1,1.0,1
1,4,  ,1,1.0,1
1,5,  ,1,1.0,1
1,6, H ,1,1.0,1
1,7,  ,1,1.0,1
1,8, # ,1,1.0,1
1,9,  ,1,1.0,1
1,2,  ,1,1.0,1
1,a, O ,1,1.0,1
1,b, R ,1,1.0,1
1,c,  ,1,1.0,1
1,d,  ,1,1.0,1
1,e, h ,1,1.0,1
1,f,  ,1,1.0,1
1,g,  ,1,1.0,1
1,h, ton ,3,3.0,1
1,i,  ,1,1.0,1
1,j,  ,1,1.0,1
1,k,  ,1,1.0,1
1,l,  ,1,1.0,1
1,m, o ,1,1.0,1
1,n, a ,1,1.0,1
1,o,  ,1,1.0,1
1,p,  ,1,1.0,1
1,q,  ,1,1.0,1
1,r, M ,1,1.0,1
1,s,  ,1,1.0,1
1,t,  ,1,1.0,1
1,u,  ,1,1.0,1
1,v,   g ,1,1.0,1
1,w,  ,1,1.0,1
1,w,  ,1,1.0,1
1,y, G ,1,1.0,1
1,0, ED ,2,2.0,1
1,z,  ,1,1.0,1
1,3,  ,1,1.0,1
1,4, o ,1,1.0,1
1,5, B ,1,1.0,1
1,6, E ,1,1.0,1
1,7,  ,1,1.0,1
1,8,  ,1,1.0,1
1,9, o ,1,1.0,1
1,2, o ,1,1.0,1
1,a, E ,1,1.0,1
1,b, ir ,2,2.0,1
1,c,  ,1,1.0,1
1,d, o ,1,1.0,1
1,e, A ,1,1.0,1
1,f,  ,1,1.0,1
1,g,  ,1,1.0,1
1,h,  ,1,1.0,1
1,i,  ,1,1.0,1
1,j,  ,1,1.0,1
1,k,  ,1,1.0,1
1,l,  ,1,1.0,1
1,m, pr ,2,2.0,1
1,n,  ,1,1.0,1
1,o, E ,1,1.0,1
1,p,  ,1,1.0,1
1,q,  ,1,1.0,1
1,r, M ,1,1.0,1
1,s,  ,1,1.0,1
1,t, f ,1,1.0,1
1,u, o  ,1,1.0,1
1,v,  o ,1,1.0,1
1,w,  ,1,1.0,1
1,w, oh ,2,2.0,1
1,y,  ,1,1.0,1
1,0, o ,1,1.0,1
1,z,  ,1,1.0,1
1,3, I ,1,1.0,1
1,4, o ,1,1.0,1
1,5,  ,1,1.0,1
1,6, ko ,2,2.0,1
1,7,  ,1,1.0,1
1,8,  ,1,1.0,1
1,9,  ,1,1.0,1
1,2,  ,1,1.0,1
1,a, D ,1,1.0,1
1,b,  ,1,1.0,1
1,c,  # ,1,1.0,1
1,d,  ,1,1.0,1
1,e,  ,1,1.0,1
1,f,  ,1,1.0,1
1,g,  ,1,1.0,1
1,h,  ,1,1.0,1
1,i,  ,1,1.0,1
1,j,  ,1,1.0,1
1,k,  ,1,1.0,1
1,l,  ,1,1.0,1
1,m, ,1,1.0,1
1,n,  ,1,1.0,1
1,o,  ,1,1.0,1
1,p,  ,1,1.0,1
1,q,  ,1,1.0,1
1,r, w ,1,1.0,1
1,s,  ,1,1.0,1
1,t,  ,1,1.0,1
1,u,   ,1,1.0,1
1,v,  ,1,1.0,1
1,w, Ee ,2,2.0,1
1,w,  ,1,1.0,1
1,y,  ,1,1.0,1
1,0, RD ,2,2.0,1
1,z,  ,1,1.0,1
1,3,  ,1,1.0,1
1,4, o ,1,1.0,1
1,5, # ,1,1.0,1
1,6, t ,1,1.0,1
1,7,  ,1,1.0,1
1,8,  ,1,1.0,1
1,9,  ,1,1.0,1
1,2, R ,1,1.0,1
1,a, E ,1,1.0,1
1,b,  a ,1,1.0,1
1,c,  ,1,1.0,1
1,d,  R ,1,1.0,1
1,e,   ,1,1.0,1
1,f, l ,1,1.0,1
1,g,  ,1,1.0,1
1,h,  ,1,1.0,1
1,i,  ,1,1.0,1
1,j,   ,1,1.0,1
1,k,  ,1,1.0,1
1,l,  ,1,1.0,1
1,m, 8. ,2,2.0,1
1,n,  ,1,1.0,1
1,o,  ,1,1.0,1
1,p,  ,1,1.0,1
1,q,  ,1,1.0,1
1,r,  ,1,1.0,1
1,s, ,1,1.0,1
1,t,   ,1,1.0,1
1,u,  ,1,1.0,1
1,v,  ,1,1.0,1
1,w, xs ,2,2.0,1
1,w, a ,1,1.0,1
1,y,  ,1,1.0,1
1,0,  ,1,1.0,1
1,1, f ,1,1.0,1
1,2, g ,1,1.0,1
1,3, B ,1,1.0,1
1,4,  ,1,1.0,1
1,5,  ,1,1.0,1
1,6, o ,1,1.0,1
1,7,  ,1,1.0,1
1,8, B ,1,1.0,1
1,9, a ,1,1.0,1
1,z, f ,1,1.0,1
1,a,  ,1,1.0,1
1,b,  ,1,1.0,1
1,c, r ,1,1.0,1
1,d, odl ,2,2.0,1
1,e, h ,1,1.0,1
1,f, f ,0,0.0,0
1,g,  ,1,1.0,1
1,h, thr ,2,2.0,1
1,i, A ,1,1.0,1
1,j, t ,1,1.0,1
1,j,  ,1,1.0,1
1,k,  ,1,1.0,1
1,m, o ,1,1.0,1
1,n, on ,1,1.0,1
1,o,   ,1,1.0,1
1,p,  ,1,1.0,1
1,q,  ,1,1.0,1
1,r, sh ,2,2.0,1
1,s,  ,1,1.0,1
1,t,  ,1,1.0,1
1,u, A ,1,1.0,1
1,v, di ,2,2.0,1
1,w, Tter ,4,4.0,1
1,x,  ,1,1.0,1
1,y, o ,1,1.0,1
1,0,  ,1,1.0,1
1,1,  ,1,1.0,1
1,2,  ,1,1.0,1
1,3,  ,1,1.0,1
1,4,  ,1,1.0,1
1,5,  ,1,1.0,1
1,6, Ro ,2,2.0,1
1,7,  ,1,1.0,1
1,8, # ,1,1.0,1
1,9,  ,1,1.0,1
1,z,  ,1,1.0,1
1,a,  ,1,1.0,1
1,b,  ,1,1.0,1
1,c,  ,1,1.0,1
1,d,  ,1,1.0,1
1,e,  ,1,1.0,1
1,f,  ,1,1.0,1
1,g,   ,1,1.0,1
1,h,  ,1,1.0,1
1,i, m ,1,1.0,1
1,j,  ,1,1.0,1
1,j, t ,1,1.0,1
1,k,  ,1,1.0,1
1,m, B ,1,1.0,1
1,n,  ,1,1.0,1
1,o, D ,1,1.0,1
1,p,  ,1,1.0,1
1,q, E ,1,1.0,1
1,r, t ,1,1.0,1
1,s,  ,1,1.0,1
1,t,  ,1,1.0,1
1,u,  ,1,1.0,1
1,v, o ,1,1.0,1
1,w, oR ,2,2.0,1
1,x,  ,1,1.0,1
1,y, Rg ,2,2.0,1
1,0, D ,1,1.0,1
1,1, t ,1,1.0,1
1,2, E ,1,1.0,1
1,3,  ,1,1.0,1
1,4,   ,1,1.0,1
1,5,  F ,1,1.0,1
1,6,  ,1,1.0,1
1,7,  ,1,1.0,1
1,8,  ,1,1.0,1
1,9,  ,1,1.0,1
1,z,   ,1,1.0,1
1,a, O ,1,1.0,1
1,b, R ,1,1.0,1
1,c,  ,1,1.0,1
1,d,   ,1,1.0,1
1,e,   ,1,1.0,1
1,f, f ,0,0.0,0
1,g,  ,1,1.0,1
1,h,  ,1,1.0,1
1,i,  ,1,1.0,1
1,j,  ,1,1.0,1
1,j, R ,1,1.0,1
1,k,  ,1,1.0,1
1,m, o ,1,1.0,1
1,n, o ,1,1.0,1
1,o,  ,1,1.0,1
1,p,  R ,1,1.0,1
1,q,  ,1,1.0,1
1,r, M ,1,1.0,1
1,s,  ,1,1.0,1
1,t,  ,1,1.0,1
1,u, hr ,2,2.0,1
1,v, o ,1,1.0,1
1,w, s ,1,1.0,1
1,x,  ,1,1.0,1
1,y, F ,1,1.0,1
1,0, O ,1,1.0,1
1,1,  ,1,1.0,1
1,2, OL ,2,2.0,1
1,3, B ,1,1.0,1
1,4, Eg ,2,2.0,1
1,5, y ,1,1.0,1
1,6, to ,2,2.0,1
1,7,    ,1,1.0,1
1,8,  ,1,1.0,1
1,9, D ,1,1.0,1
1,z,  ,1,1.0,1
1,a,  ,1,1.0,1
1,b,  ,1,1.0,1
1,c,  ,1,1.0,1
1,d,  ,1,1.0,1
1,e, s ,1,1.0,1
1,f,  ,1,1.0,1
1,g,  ,1,1.0,1
1,h, b ,1,1.0,1
1,i,  ,1,1.0,1
1,j, I ,1,1.0,1
1,k,  ,1,1.0,1
1,l, & ,1,1.0,1
1,m, m ,0,0.0,0
1,n, a8 ,2,2.0,1
1,o, D ,1,1.0,1
1,p, p ,0,0.0,0
1,q,  ,1,1.0,1
1,r,  ,1,1.0,1
1,s, Bs ,1,1.0,1
1,t,  ,1,1.0,1
1,u, att ,3,3.0,1
1,v, sr ,2,2.0,1
1,w,   ,1,1.0,1
1,x,  ,1,1.0,1
1,y, 3y ,1,1.0,1
1,0,  ,1,1.0,1
1,1,  ,1,1.0,1
1,2,  ,1,1.0,1
1,3, ai ,2,2.0,1
1,4,  ,1,1.0,1
1,5,  ,1,1.0,1
1,6,  ,1,1.0,1
1,7, ,1,1.0,1
1,8,  ,1,1.0,1
1,9,  ,1,1.0,1
1,z,  . ,1,1.0,1
1,a,  ,1,1.0,1
1,b, # ,1,1.0,1
1,c,  ,1,1.0,1
1,d,  ,1,1.0,1
1,e,  ,1,1.0,1
1,f, # ,1,1.0,1
1,g, f ,1,1.0,1
1,h,  ,1,1.0,1
1,i, o ,1,1.0,1
1,j,  ,1,1.0,1
1,k, # ,1,1.0,1
1,l, # ,1,1.0,1
1,m,  ,1,1.0,1
1,n, # ,1,1.0,1
1,o,  ,1,1.0,1
1,p, z ,1,1.0,1
1,q, # ,1,1.0,1
1,r,   ,1,1.0,1
1,s,  ,1,1.0,1
1,t,  ,1,1.0,1
1,u,  ,1,1.0,1
1,v, n # ,3,3.0,1
1,w,  # ,1,1.0,1
1,x,   ,1,1.0,1
1,y,  ,1,1.0,1
1,0,  ,1,1.0,1
1,1,  ,1,1.0,1
1,2,  ,1,1.0,1
1,3, o ,1,1.0,1
1,4, # ,1,1.0,1
1,5,  ,1,1.0,1
1,6, f ,1,1.0,1
1,7,  ,1,1.0,1
1,8,  ,1,1.0,1
1,9,  ,1,1.0,1
1,z, B ,1,1.0,1
1,a, Eatr ,3,3.0,1
1,b,  ,1,1.0,1
1,c, # ,1,1.0,1
1,d,  ,1,1.0,1
1,e,  ,1,1.0,1
1,f,  ,1,1.0,1
1,g,  ,1,1.0,1
1,h,  ,1,1.0,1
1,i,  ,1,1.0,1
1,j,  ,1,1.0,1
1,k,  ,1,1.0,1
1,l,  ,1,1.0,1
1,m, 8 ,1,1.0,1
1,n, r ,1,1.0,1
1,o,  ,1,1.0,1
1,p,  ,1,1.0,1
1,q, # ,1,1.0,1
1,r, o ,1,1.0,1
1,s,  ,1,1.0,1
1,t,  ,1,1.0,1
1,u,  ,1,1.0,1
1,v, o ,1,1.0,1
1,w,  R ,1,1.0,1
1,x,  ,1,1.0,1
1,y, y ,0,0.0,0
1,0,  ,1,1.0,1
1,1, #f ,2,2.0,1
1,2,  ,1,1.0,1
1,3, g ,1,1.0,1
1,4,  ,1,1.0,1
1,5, f ,1,1.0,1
1,6, t ,1,1.0,1
1,7, . ,1,1.0,1
1,8,  ,1,1.0,1
1,9,  ,1,1.0,1
1,z,   ,1,1.0,1
1,a, D ,1,1.0,1
1,b, r ,1,1.0,1
1,c,  ,1,1.0,1
1,d,  ,1,1.0,1
1,e, h ,1,1.0,1
1,f, t  ,1,1.0,1
1,g,  ,1,1.0,1
1,h,  ,1,1.0,1
1,i,  ,1,1.0,1
1,j,  ,1,1.0,1
1,k,  ,1,1.0,1
1,l,  ,1,1.0,1
1,m, p ,1,1.0,1
1,n, A ,1,1.0,1
1,o, # ,1,1.0,1
1,p,  ,1,1.0,1
1,q,  ,1,1.0,1
1,r,  ,1,1.0,1
1,s, F ,1,1.0,1
1,t,  ,1,1.0,1
1,u,  ,1,1.0,1
1,v, O ,1,1.0,1
1,w, R ,1,1.0,1
1,x,  ,1,1.0,1
1,y,  ,1,1.0,1
1,z, t ,1,1.0,1
1,a,  ,1,1.0,1
1,b,  ,1,1.0,1
1,c,  ,1,1.0,1
1,d, # ,1,1.0,1
1,e,   ,1,1.0,1
1,f, r ,1,1.0,1
1,g,  ,1,1.0,1
1,h,  ,1,1.0,1
1,i, ,1,1.0,1
1,j, a# ,2,2.0,1
1,k,  ,1,1.0,1
1,l,   ,1,1.0,1
1,m, i ,1,1.0,1
1,n, r ,1,1.0,1
1,o, # ,1,1.0,1
1,p,   ,1,1.0,1
1,q, wr ,2,2.0,1
1,r,  ,1,1.0,1
1,s,  i ,1,1.0,1
1,t, s ,1,1.0,1
1,u,  ,1,1.0,1
1,v, z ,1,1.0,1
1,w, i ,1,1.0,1
1,x,  ,1,1.0,1
1,y, It ,2,2.0,1
1,0,  ,1,1.0,1
1,z,  ,1,1.0,1
1,2,  ,1,1.0,1
1,3, oy ,2,2.0,1
1,4,  ,1,1.0,1
1,5, B ,1,1.0,1
1,6, o ,1,1.0,1
1,7, ,1,1.0,1
1,8, E2 ,2,2.0,1
1,9,  ,1,1.0,1
1,1, of ,2,2.0,1
1,a, E ,1,1.0,1
1,b,  ,1,1.0,1
1,c,  ,1,1.0,1
1,d,  ,1,1.0,1
1,e,  ,1,1.0,1
1,f,  ,1,1.0,1
1,g,   ,1,1.0,1
1,h,   ,1,1.0,1
1,i, o ,1,1.0,1
1,j, ,1,1.0,1
1,k,  ,1,1.0,1
1,l,  ,1,1.0,1
1,m,  ,1,1.0,1
1,n, a ,1,1.0,1
1,o,  ,1,1.0,1
1,p, # ,1,1.0,1
1,q,  ,1,1.0,1
1,r,  ,1,1.0,1
1,s,  ,1,1.0,1
1,t,  ,1,1.0,1
1,u,  ,1,1.0,1
1,v, # ,1,1.0,1
1,w,  ,1,1.0,1
1,x,  ,1,1.0,1
1,y,  ,1,1.0,1
1,0,  ,1,1.0,1
1,z, er ,2,2.0,1
1,2,  ,1,1.0,1
1,3,  ,1,1.0,1
1,4,   ,1,1.0,1
1,5, d ,1,1.0,1
1,6, E ,1,1.0,1
1,7,  ,1,1.0,1
1,8,  ,1,1.0,1
1,9,  ,1,1.0,1
1,1,  ,1,1.0,1
1,a, D ,1,1.0,1
1,b,  ,1,1.0,1
1,c,  ,1,1.0,1
1,d, R ,1,1.0,1
1,e,  ,1,1.0,1
1,f,  ,1,1.0,1
1,g, D ,1,1.0,1
1,h,  ,1,1.0,1
1,i, h ,1,1.0,1
1,j,  ,1,1.0,1
1,k, e ,1,1.0,1
1,l,  ,1,1.0,1
1,m,  ,1,1.0,1
1,n,  ,1,1.0,1
1,o,  ,1,1.0,1
1,p,  ,1,1.0,1
1,q,  ,1,1.0,1
1,r, t ,1,1.0,1
1,s,   ,1,1.0,1
1,t,  ,1,1.0,1
1,u, h ,1,1.0,1
1,v,  ,1,1.0,1
1,w, Ba ,2,2.0,1
1,x,  ,1,1.0,1
1,y, e ,1,1.0,1
1,a, # ,1,1.0,1
1,b, # ,1,1.0,1
1,c,   ,1,1.0,1
1,d,  ,1,1.0,1
1,e, f ,1,1.0,1
1,f,  ,1,1.0,1
1,g,  ,1,1.0,1
1,h, r ,1,1.0,1
1,i, A ,1,1.0,1
1,j,  ,1,1.0,1
1,k,  ,1,1.0,1
1,l,  ,1,1.0,1
1,m, 8n# ,3,3.0,1
1,n,  ,1,1.0,1
1,o,  ,1,1.0,1
1,p, # ,1,1.0,1
1,q,  ,1,1.0,1
1,r,  ,1,1.0,1
1,s,  ,1,1.0,1
1,t,  ,1,1.0,1
1,u, ho ,2,2.0,1
1,0,  ,1,1.0,1
1,z, #r ,2,2.0,1
1,2,  ,1,1.0,1
1,3,  ,1,1.0,1
1,4,  ,1,1.0,1
1,5,  ,1,1.0,1
1,6, fg ,2,2.0,1
1,7,   ,1,1.0,1
1,8,  ,1,1.0,1
1,9,  ,1,1.0,1
1,1,  ,1,1.0,1
1,a,  ,1,1.0,1
1,b,  ,1,1.0,1
1,c, a# ,2,2.0,1
1,d,  ,1,1.0,1
1,e, # ,1,1.0,1
1,f,  ,1,1.0,1
1,g, # ,1,1.0,1
1,h,  ,1,1.0,1
1,i,   ,1,1.0,1
1,j, a ,1,1.0,1
1,k,  ,1,1.0,1
1,l,  ,1,1.0,1
1,m,  ,1,1.0,1
1,n,#g ,2,2.0,1
1,o,  ,1,1.0,1
1,p,  ,1,1.0,1
1,q, # ,1,1.0,1
1,r, # ,1,1.0,1
1,s,  ,1,1.0,1
1,t,  ,1,1.0,1
1,u, ,1,1.0,1
1,v,T ,1,1.0,1
1,w, p ,1,1.0,1
1,x,  ,1,1.0,1
1,y, finx ,4,4.0,1
1,z, 7 ,1,1.0,1
1,a, A ,1,1.0,1
1,b, b ,0,0.0,0
1,c, G ,1,1.0,1
1,d, ot ,2,2.0,1
1,e, A ,1,1.0,1
1,f, of ,1,1.0,1
1,g,  ,1,1.0,1
1,h,  ,1,1.0,1
1,i, I ,1,1.0,1
1,j,  ,1,1.0,1
1,k,  ,1,1.0,1
1,l, o ,1,1.0,1
1,m, pr ,2,2.0,1
1,n,  ,1,1.0,1
1,o, o ,0,0.0,0
1,p,  ,1,1.0,1
1,q,  ,1,1.0,1
1,r, p ,1,1.0,1
1,s, G ,1,1.0,1
1,t, # ,1,1.0,1
1,u,  ,1,1.0,1
1,v, o ,1,1.0,1
1,w, nr ,2,2.0,1
1,x,  ,1,1.0,1
1,y, of ,2,2.0,1
1,0,  ,1,1.0,1
1,1, A ,1,1.0,1
1,2,   ,1,1.0,1
1,3,  ,1,1.0,1
1,4, o ,1,1.0,1
1,5,  ,1,1.0,1
1,6,  #i ,2,2.0,1
1,7,  ,1,1.0,1
1,8,  ,1,1.0,1
1,9,  ,1,1.0,1
1,w, Rr ,2,2.0,1
1,a, B ,1,1.0,1
1,b, #e ,2,2.0,1
1,c,  ,1,1.0,1
1,d,   ,1,1.0,1
1,e,  ,1,1.0,1
1,f,  ,1,1.0,1
1,g,  ,1,1.0,1
1,h,  ,1,1.0,1
1,i, A ,1,1.0,1
1,j,  ,1,1.0,1
1,k,  ,1,1.0,1
1,l, f ,1,1.0,1
1,m, To ,2,2.0,1
1,n,  ,1,1.0,1
1,o, ,1,1.0,1
1,p,  ,1,1.0,1
1,q,  ,1,1.0,1
1,r,  ,1,1.0,1
1,s,  ,1,1.0,1
1,t,  ,1,1.0,1
1,u,  ,1,1.0,1
1,z,  ,1,1.0,1
1,v, f ,1,1.0,1
1,x,  ,1,1.0,1
1,y, An ,2,2.0,1
1,0,  ,1,1.0,1
1,1,  ,1,1.0,1
1,2,  ,1,1.0,1
1,3, B ,1,1.0,1
1,4,  ,1,1.0,1
1,5,  g ,1,1.0,1
1,6, ,1,1.0,1
1,7,  ,1,1.0,1
1,8,  ,1,1.0,1
1,9,   ,1,1.0,1
1,w,  ,1,1.0,1
1,a,  ,1,1.0,1
1,b, e ,1,1.0,1
1,c,  ,1,1.0,1
1,d,  ,1,1.0,1
1,e,  ,1,1.0,1
1,f,  ,1,1.0,1
1,g,  ,1,1.0,1
1,h,  ,1,1.0,1
1,i,  ,1,1.0,1
1,j,  ,1,1.0,1
1,k,  ,1,1.0,1
1,l,  ,1,1.0,1
1,m, an ,2,2.0,1
1,n,  ,1,1.0,1
1,o,   ,1,1.0,1
1,p,  ,1,1.0,1
1,q,  #- ,2,2.0,1
1,r,  ,1,1.0,1
1,s,  ,1,1.0,1
1,t,  ,1,1.0,1
1,u, ,1,1.0,1
1,z, fo ,2,2.0,1
1,v, r ,1,1.0,1
1,x, o ,1,1.0,1
1,y, o ,1,1.0,1
1,0, E ,1,1.0,1
1,1,  ,1,1.0,1
1,2, A ,1,1.0,1
1,3, n ,1,1.0,1
1,4,   ,1,1.0,1
1,5, # ,1,1.0,1
1,6,  ,1,1.0,1
1,7,   ,1,1.0,1
1,8,  ,1,1.0,1
1,9,  ,1,1.0,1
1,w,  ,1,1.0,1
1,a,  ,1,1.0,1
1,b, # ,1,1.0,1
1,c,  ,1,1.0,1
1,d,  ,1,1.0,1
1,e,  ,1,1.0,1
1,f, ofr ,2,2.0,1
1,g,  ,1,1.0,1
1,h, # ,1,1.0,1
1,i, a ,1,1.0,1
1,j,  ,1,1.0,1
1,k,  ,1,1.0,1
1,l,  ,1,1.0,1
1,m, oR ,2,2.0,1
1,n,  ,1,1.0,1
1,o,  ,1,1.0,1
1,p, oa ,2,2.0,1
1,q,  ,1,1.0,1
1,r, t ,1,1.0,1
1,s, in ,2,2.0,1
1,t,  ,1,1.0,1
1,u,  ,1,1.0,1
1,z, . ,1,1.0,1
1,v, A ,1,1.0,1
1,x,  ,1,1.0,1
1,y, o ,1,1.0,1
1,0, 0 ,0,0.0,0
1,1, h ,1,1.0,1
1,2, a ,1,1.0,1
1,3, B ,1,1.0,1
1,4, if ,2,2.0,1
1,5, B ,1,1.0,1
1,6, To ,2,2.0,1
1,7,  ,1,1.0,1
1,8, # ,1,1.0,1
1,9, O ,1,1.0,1
1,w, ar ,2,2.0,1
1,a, a ,0,0.0,0
1,b, a ,1,1.0,1
1,c,  ,1,1.0,1
1,d, h ,1,1.0,1
1,e,  ,1,1.0,1
1,f,  ,1,1.0,1
1,g, ' ,1,1.0,1
1,h, f ,1,1.0,1
1,i, f ,1,1.0,1
1,j, f ,1,1.0,1
1,k, t ,1,1.0,1
1,l,  ,1,1.0,1
1,m, p ,1,1.0,1
1,n,  ,1,1.0,1
1,o, O ,1,1.0,1
1,p,  ,1,1.0,1
1,q, ER ,2,2.0,1
1,r, M ,1,1.0,1
1,s,  ,1,1.0,1
1,t, f ,1,1.0,1
1,u, W ,1,1.0,1
1,z,  ,1,1.0,1
1,v, a ,1,1.0,1
1,x, a ,1,1.0,1
1,y, 2 ,1,1.0,1
1,0,  ,1,1.0,1
1,1,   ,1,1.0,1
1,2,   ,1,1.0,1
1,3,  ,1,1.0,1
1,4,   ,1,1.0,1
1,5,  ,1,1.0,1
1,6, o ,1,1.0,1
1,7, o ,1,1.0,1
1,8,  ,1,1.0,1
1,9, r ,1,1.0,1
1,w, r ,1,1.0,1
1,a, Bk ,2,2.0,1
1,b, S ,1,1.0,1
1,c, h ,1,1.0,1
1,d,  ,1,1.0,1
1,e,  ,1,1.0,1
1,f,  ,1,1.0,1
1,g,  ,1,1.0,1
1,h,  ,1,1.0,1
1,i, h ,1,1.0,1
1,j,  ,1,1.0,1
1,k,  ,1,1.0,1
1,l,  ,1,1.0,1
1,m, oh ,2,2.0,1
1,n, r ,1,1.0,1
1,o,  ,1,1.0,1
1,p, fle ,3,3.0,1
1,q, f ,1,1.0,1
1,r, I ,1,1.0,1
1,s, e ,1,1.0,1
1,t,  ,1,1.0,1
1,u,  ,1,1.0,1
1,z,  ,1,1.0,1
1,v, o ,1,1.0,1
1,x,  ,1,1.0,1
1,y,  ,1,1.0,1
1,0,  ,1,1.0,1
1,1,  ,1,1.0,1
1,2,  ,1,1.0,1
1,3,  ,1,1.0,1
1,4, e ,1,1.0,1
1,5,  ,1,1.0,1
1,6,  ,1,1.0,1
1,7,   ,1,1.0,1
1,8,  ,1,1.0,1
1,9,  ,1,1.0,1
1,w, R ,1,1.0,1
1,a, Or ,2,2.0,1
1,b,  ,1,1.0,1
1,c,  ,1,1.0,1
1,d, a ,1,1.0,1
1,e, h ,1,1.0,1
1,f, fo ,1,1.0,1
1,g, A ,1,1.0,1
1,h, r. ,2,2.0,1
1,i,  ,1,1.0,1
1,j,  ,1,1.0,1
1,k, e ,1,1.0,1
1,l,  ,1,1.0,1
1,m, An ,2,2.0,1
1,n,  ,1,1.0,1
1,o,  ,1,1.0,1
1,p,  ,1,1.0,1
1,q, Rd. ,3,3.0,1
1,r, E ,1,1.0,1
1,s, 2 ,1,1.0,1
1,t,   ,1,1.0,1
1,u, t ,1,1.0,1
1,z,   ,1,1.0,1
1,v, n ,1,1.0,1
1,x,  ,1,1.0,1
1,y, o ,1,1.0,1
1,0, A ,1,1.0,1
1,1, f ,1,1.0,1
1,2,  ,1,1.0,1
1,3,   ,1,1.0,1
1,4, f ,1,1.0,1
1,5,  ,1,1.0,1
1,6,  ,1,1.0,1
1,7,  ,1,1.0,1
1,8,  ,1,1.0,1
1,9, B ,1,1.0,1
1,w, h ,1,1.0,1
1,a, De ,2,2.0,1
1,b,  ,1,1.0,1
1,c, hr ,2,2.0,1
1,d,  ,1,1.0,1
1,e,  ,1,1.0,1
1,f,   ,1,1.0,1
1,g, D ,1,1.0,1
1,h,  ,1,1.0,1
1,i, t ,1,1.0,1
1,j, of ,2,2.0,1
1,k, ir ,2,2.0,1
1,l,  ,1,1.0,1
1,m, upo ,3,3.0,1
1,n,  ,1,1.0,1
1,o,  ,1,1.0,1
1,p,  ,1,1.0,1
1,q, FEd ,3,3.0,1
1,r, B ,1,1.0,1
1,s, s ,0,0.0,0
1,t, i ,1,1.0,1
1,u, A. ,2,2.0,1
1,z, o ,1,1.0,1
1,v, a ,1,1.0,1
1,x, m ,1,1.0,1
1,y, on ,2,2.0,1
1,0,  ,1,1.0,1
1,1,  ,1,1.0,1
1,2, o ,1,1.0,1
1,3, ? ,1,1.0,1
1,4, R ,1,1.0,1
1,5,  ,1,1.0,1
1,6, fo ,2,2.0,1
1,7, o ,1,1.0,1
1,8, F ,1,1.0,1
1,9, B ,1,1.0,1
1,w, lit ,3,3.0,1
1,a, R ,1,1.0,1
1,b,   ,1,1.0,1
1,c, f ,1,1.0,1
1,d, s ,1,1.0,1
1,e, ofD ,3,3.0,1
1,f, f ,0,0.0,0
1,g, E ,1,1.0,1
1,h,  ,1,1.0,1
1,i, is ,1,1.0,1
1,j, E ,1,1.0,1
1,k,  ,1,1.0,1
1,l,  ,1,1.0,1
1,m, Fi ,2,2.0,1
1,n, s ,1,1.0,1
1,o, G ,1,1.0,1
1,p, f ,1,1.0,1
1,q, fe ,2,2.0,1
1,r,  TE ,2,2.0,1
1,s,   ,1,1.0,1
1,t, a ,1,1.0,1
1,u,  ,1,1.0,1
1,z, b ,1,1.0,1
1,v, R ,1,1.0,1
1,x,  ,1,1.0,1
1,y, i ,1,1.0,1
2,te,  ,2,1.0,1
2,de,  ,2,1.0,1
2,la, oe ,2,1.0,1
2,el, eh ,1,0.5,1
2,en, Do ,2,1.0,1
2,se,  ,2,1.0,1
2,un,  ,2,1.0,1
2,no, a ,2,1.0,1
2,su, k ,2,1.0,1
2,es,  ,2,1.0,1
2,al, o ,2,1.0,1
2,lo, MB ,2,1.0,1
2,le,  ,2,1.0,1
2,ha,  ,2,1.0,1
2,me, o ,2,1.0,1
2,si,  ,2,1.0,1
2,ya, eN ,2,1.0,1
2,mi, w  ,2,1.0,1
2,yo,  ,2,1.0,1
2,ni,  ,2,1.0,1
2,te,   .. a.. ,6,3.0,1
2,de,  ,2,1.0,1
2,la,  ,2,1.0,1
2,el, e ,1,0.5,1
2,en, . ,2,1.0,1
2,se,  s ,1,0.5,1
2,un, hA ,2,1.0,1
2,no, Rre ,3,1.5,1
2,su,  ,2,1.0,1
2,es, d. ,2,1.0,1
2,al, h ,2,1.0,1
2,lo,  ,2,1.0,1
2,le, s  r i. ,7,3.5,1
2,ha, . ,2,1.0,1
2,me, n8.... ,6,3.0,1
2,si,   ,2,1.0,1
2,ya, C. ,2,1.0,1
2,mi, #n yo ,5,2.5,1
2,yo, RR ,2,1.0,1
2,ni,   . ,2,1.0,1
2,te,  ,2,1.0,1
2,de,  i  ,2,1.0,1
2,la,  ,2,1.0,1
2,el,  ,2,1.0,1
2,en, H ,2,1.0,1
2,se,  R.  ,2,1.0,1
2,un,  ,2,1.0,1
2,no, r ,2,1.0,1
2,su,  ,2,1.0,1
2,es, D.  ,2,1.0,1
2,al, o ,2,1.0,1
2,lo,  ,2,1.0,1
2,le, a ..   nnie... ,13,6.5,1
2,ha, . ,2,1.0,1
2,me,.  n ,4,2.0,1
2,si,   ,2,1.0,1
2,ya, A t i. ,6,3.0,1
2,mi, #  ,2,1.0,1
2,yo, C ,2,1.0,1
2,ni,. R r . . ,9,4.5,1
2,te,   ,2,1.0,1
2,de,  ,2,1.0,1
2,la,   ,2,1.0,1
2,el,  ,2,1.0,1
2,en, w ,2,1.0,1
2,se,  ,2,1.0,1
2,un, ,2,1.0,1
2,no, # ,2,1.0,1
2,su, # ,2,1.0,1
2,es, # ,2,1.0,1
2,al,   ,2,1.0,1
2,lo,   ,2,1.0,1
2,le,   ,2,1.0,1
2,ha,   ,2,1.0,1
2,me,  ,2,1.0,1
2,si,  ,2,1.0,1
2,ya,  ,2,1.0,1
2,mi,  ,2,1.0,1
2,yo, A ,2,1.0,1
2,ni,  ,2,1.0,1
2,va, A ,2,1.0,1
2,he,  ,2,1.0,1
2,va, p ,2,1.0,1
2,he,  ,2,1.0,1
2,va,    ,2,1.0,1
2,he,  ,2,1.0,1
2,va,  ,2,1.0,1
2,he, h G ,2,1.0,1
2,va,  ,2,1.0,1
2,he,  ,2,1.0,1
2,va, Tr ,2,1.0,1
2,he,  ,2,1.0,1
2,tu,  ,2,1.0,1
2,da, o Ar ,4,2.0,1
2,tu, . ,2,1.0,1
2,da,  ,2,1.0,1
2,tu,  ,2,1.0,1
2,da, #e ,2,1.0,1
2,tu, e : ,3,1.5,1
2,da,  ,2,1.0,1
2,tu, e ,2,1.0,1
2,da,   ,2,1.0,1
2,ex,  ,2,1.0,1
2,ex, rh ,2,1.0,1
2,ex, a ,2,1.0,1
2,ex,  ,2,1.0,1
2,ex,  ,2,1.0,1
2,ir, A y ,3,1.5,1
2,ir, A ,2,1.0,1
2,ir, es ,2,1.0,1
2,ir, An ,2,1.0,1
2,ir, A . ,3,1.5,1
2,ir, a ,2,1.0,1
2,ir, s ,2,1.0,1
2,ir,   ,2,1.0,1
3,esa, o  ,3,1.0,1
3,eso,  ,3,1.0,1
3,tan, n ,2,0.6667,1
3,que, E ,3,1.0,1
3,los,  ,3,1.0,1
3,del,   ,3,1.0,1
3,las, en ,3,1.0,1
3,por, pr ,1,0.3333,1
3,con, enn ,2,0.6667,1
3,una, x ,3,1.0,1
3,sus, r ,3,1.0,1
3,sin, o ,3,1.0,1
3,ser, R ,3,1.0,1
3,son, B ,3,1.0,1
3,dos,  ,3,1.0,1
3,fue, fpe ,1,0.3333,1
3,era,  ,3,1.0,1
3,muy,  ,3,1.0,1
3,han, #ar ,2,0.6667,1
3,hay, rak  ,2,0.6667,1
3,vez, Orr ,3,1.0,1
3,nos,...e ,4,1.3333,1
3,uno,  ,3,1.0,1
3,ese,  ,3,1.0,1
3,esa, # #    ,3,1.0,1
3,eso, #  ,3,1.0,1
3,tan, # . ,3,1.0,1
3,que, E ,3,1.0,1
3,los, g ,3,1.0,1
3,del, pf t  ,4,1.3333,1
3,las, E ,3,1.0,1
3,por, #ae ,3,1.0,1
3,con, Ee#. ,4,1.3333,1
3,una, nEF1. ,5,1.6667,1
3,sus,   ,3,1.0,1
3,sin, i  n ,3,1.0,1
3,ser,   # ,3,1.0,1
3,son, b  ,3,1.0,1
3,dos, f ,3,1.0,1
3,fue,   ,3,1.0,1
3,era,  . ,3,1.0,1
3,muy, E#  ,3,1.0,1
3,han, . m.....e. ,10,3.3333,1
3,hay,   ,3,1.0,1
3,vez, PR   ,3,1.0,1
3,nos, R ,3,1.0,1
3,uno,  R ,3,1.0,1
3,ese,   ,3,1.0,1
3,esa, #   ,3,1.0,1
3,eso,  # ,3,1.0,1
3,tan,    ,3,1.0,1
3,que,  ,3,1.0,1
3,los,    ,3,1.0,1
3,del, # oi e e... ,10,3.3333,1
3,las, . ,3,1.0,1
3,por, #. ,3,1.0,1
3,con, 9 ,3,1.0,1
3,una,  ,3,1.0,1
3,sus,   #. ,3,1.0,1
3,sin,   .  ,3,1.0,1
3,ser,  is  ti.. ,7,2.3333,1
3,son, . ,3,1.0,1
3,dos, #s a ,4,1.3333,1
3,fue, #s ,3,1.0,1
3,era, a ,2,0.6667,1
3,muy, Rx ,3,1.0,1
3,han, ,3,1.0,1
3,hay,  .. ,3,1.0,1
3,vez, # .. ,4,1.3333,1
3,nos,  h ,3,1.0,1
3,uno, ho ,2,0.6667,1
3,ese, #   ,3,1.0,1
3,esa, # ss ,3,1.0,1
3,eso, # ,3,1.0,1
3,tan, aa f# ,4,1.3333,1
3,que,  ,3,1.0,1
3,los,  ,3,1.0,1
3,del,  ,3,1.0,1
3,las,  ,3,1.0,1
3,por,  ,3,1.0,1
3,con,  ,3,1.0,1
3,una,  ,3,1.0,1
3,sus,   ,3,1.0,1
3,sin,  ,3,1.0,1
3,ser,  ,3,1.0,1
3,son,  ,3,1.0,1
3,dos,  ,3,1.0,1
3,fue, o ,3,1.0,1
3,era, # ,3,1.0,1
3,muy, # ,3,1.0,1
3,han, ER ,3,1.0,1
3,hay,  re ,3,1.0,1
3,vez, R  ,3,1.0,1
3,nos, # ,3,1.0,1
3,uno,  ,3,1.0,1
3,ese, s ,2,0.6667,1
3,fin, a a ,3,1.0,1
3,les, aD ,3,1.0,1
3,tal,  ,3,1.0,1
3,hoy, oa ,2,0.6667,1
3,sea,  ,3,1.0,1
3,ver, ADot ,4,1.3333,1
3,fin, & ,3,1.0,1
3,les,   a ,3,1.0,1
3,tal, a ,2,0.6667,1
3,hoy, eoE ,2,0.6667,1
3,sea, fa AsR R ,7,2.3333,1
3,ver,.. I   ,4,1.3333,1
3,fin,  ,3,1.0,1
3,les, R ,3,1.0,1
3,tal, n ,3,1.0,1
3,hoy, o ,2,0.6667,1
3,sea,  ,3,1.0,1
3,ver,   ,3,1.0,1
3,fin,  e ,3,1.0,1
3,les,   ,3,1.0,1
3,tal,    ,3,1.0,1
3,hoy, fne1a ,5,1.6667,1
3,sea,  he ,2,0.6667,1
3,ver, g ,3,1.0,1
3,fin, g ,3,1.0,1
3,les,  is: .. ,6,2.0,1
3,tal,  ,3,1.0,1
3,hoy,  ,3,1.0,1
3,sea,  ,3,1.0,1
3,ver,   ,3,1.0,1
3,fin,  ,3,1.0,1
3,les,  ,3,1.0,1
3,tal,  ,3,1.0,1
3,hoy, Araer ,5,1.6667,1
3,sea, e ,2,0.6667,1
3,ver, r ,2,0.6667,1
3,ley,  ,3,1.0,1
3,mis,  ,3,1.0,1
3,san, # ,3,1.0,1
3,don,  ,3,1.0,1
3,dar, a8 ,2,0.6667,1
3,ley,  ,3,1.0,1
3,mis,   ,3,1.0,1
3,san,  #  ,3,1.0,1
3,don,  ,3,1.0,1
3,dar,  # ,3,1.0,1
3,ley,  ,3,1.0,1
3,mis,  ,3,1.0,1
3,san, g ,3,1.0,1
3,don,  ,3,1.0,1
3,dar, #  ,3,1.0,1
3,ley,     ,3,1.0,1
3,mis,   ,3,1.0,1
3,san, n ,2,0.6667,1
3,don,  ,3,1.0,1
3,dar,   ,3,1.0,1
3,ley,   ,3,1.0,1
3,mis,   r ,3,1.0,1
3,san,  ,3,1.0,1
3,don, # ,3,1.0,1
3,dar,  ,3,1.0,1
3,dio,   ,3,1.0,1
3,mal,   ,3,1.0,1
3,voz,  ,3,1.0,1
3,mil, a ,3,1.0,1
3,luz,  ,3,1.0,1
3,iba, # ,3,1.0,1
3,van,  ,3,1.0,1
3,dio, B ,3,1.0,1
3,mal, ma ,1,0.3333,1
3,voz, r ,3,1.0,1
3,mil, r  ,3,1.0,1
3,luz, o a ,3,1.0,1
3,iba,  ,3,1.0,1
3,van,  ,3,1.0,1
3,dio,  ,3,1.0,1
3,mal, # ,3,1.0,1
3,voz, m ,3,1.0,1
3,mil, # ,3,1.0,1
3,luz, # ,3,1.0,1
3,iba, R5fat ,4,1.3333,1
3,van,  ,3,1.0,1
3,dio,   ,3,1.0,1
3,mal, #  ,3,1.0,1
3,voz,  rs ,3,1.0,1
3,mil, # ,3,1.0,1
3,luz, #  ,3,1.0,1
3,iba,   ,3,1.0,1
3,van,  # ,3,1.0,1
3,dio,  ir  ,2,0.6667,1
3,mal, E ,3,1.0,1
3,voz, Ai ,3,1.0,1
3,mil, pne ,3,1.0,1
3,luz, in  ,3,1.0,1
3,iba,  ,3,1.0,1
3,van, r ,3,1.0,1
3,paz,  ,3,1.0,1
3,etc,  ,3,1.0,1
3,uso, A pa #  ,6,2.0,1
3,mes, p  ,3,1.0,1
3,soy, s r  ,2,0.6667,1
3,paz,  ,3,1.0,1
3,etc, # ,3,1.0,1
3,uso,  ,3,1.0,1
3,mes, pp ,3,1.0,1
3,soy,  ,3,1.0,1
3,paz,  ,3,1.0,1
3,etc,  ,3,1.0,1
3,uso, a # ,3,1.0,1
3,mes,  ,3,1.0,1
3,soy,  ,3,1.0,1
3,paz, Aor3 ,4,1.3333,1
3,etc,  ,3,1.0,1
3,uso, &oD ,3,1.0,1
3,mes, o  D ,4,1.3333,1
3,soy, N ,3,1.0,1
3,paz,  # ,3,1.0,1
3,etc,  s ,3,1.0,1
3,uso, & &  ,3,1.0,1
3,mes, . .i-ieereei..n ,14,4.6667,1
3,soy, ofr  ,3,1.0,1
3,paz,  ,3,1.0,1
3,etc,  ,3,1.0,1
3,uso,  ,3,1.0,1
3,mes, R ,3,1.0,1
3,soy,  ,3,1.0,1
3,paz, i ,3,1.0,1
3,etc, & es ,4,1.3333,1
3,uso," ""1Pe ",4,1.3333,1
3,mes, o ,3,1.0,1
3,soy, g ,3,1.0,1
3,paz,   p ,2,0.6667,1
3,etc,   ,3,1.0,1
3,uso, A  ,3,1.0,1
3,mes, b  ,3,1.0,1
3,soy,  ,3,1.0,1
4,hace, B ,4,1.0,1
4,otra, N ,4,1.0,1
4,ella,  ,4,1.0,1
4,tres,  ,4,1.0,1
4,dijo, .. a ,4,1.0,1
4,sido,  ,4,1.0,1
4,gran,  ,4,1.0,1
4,como, s ,4,1.0,1
4,diez, ag ,4,1.0,1
4,para, r ,3,0.75,1
4,pero,  ,4,1.0,1
4,este,  ,4,1.0,1
4,todo,   ,4,1.0,1
4,esta, s ,3,0.75,1
4,vida,  ,4,1.0,1
4,bien,  ,4,1.0,1
4,otro, E ,4,1.0,1
4,cada, o ,4,1.0,1
4,hace,  ,4,1.0,1
4,otra,   ,4,1.0,1
4,ella,   ,4,1.0,1
4,tres,  ,4,1.0,1
4,dijo,    .... ,4,1.0,1
4,sido,  #  ,4,1.0,1
4,gran,   ,4,1.0,1
4,como, e ,4,1.0,1
4,diez,  a ,4,1.0,1
4,para, Eie ,4,1.0,1
4,pero, #  ,4,1.0,1
4,este, mf nf ,5,1.25,1
4,todo,  ,4,1.0,1
4,esta,   ,4,1.0,1
4,vida, Th h ,4,1.0,1
4,bien,   nmn. ,4,1.0,1
4,otro, p  ,4,1.0,1
4,cada,  ,4,1.0,1
4,hace,   # ,4,1.0,1
4,otra, #. ,4,1.0,1
4,ella,  ,4,1.0,1
4,tres,  a ,4,1.0,1
4,dijo, E as ,4,1.0,1
4,sido, a    ,4,1.0,1
4,gran, TR ,4,1.0,1
4,como, e  ,4,1.0,1
4,diez, 8  ,4,1.0,1
4,para, aE ,3,0.75,1
4,pero, #E #p ,5,1.25,1
4,este, D n   ,4,1.0,1
4,todo,  h.. ,4,1.0,1
4,esta,    ,4,1.0,1
4,vida, F  ,4,1.0,1
4,bien,    ,4,1.0,1
4,otro,  ,4,1.0,1
4,cada,  ,4,1.0,1
4,hace,   ,4,1.0,1
4,otra,   ,4,1.0,1
4,ella,   ,4,1.0,1
4,tres, e. ,3,0.75,1
4,dijo, Plh ,4,1.0,1
4,sido, d th s ,6,1.5,1
4,gran, ERs ,4,1.0,1
4,como,  ,4,1.0,1
4,diez, o  ,4,1.0,1
4,para,  ,4,1.0,1
4,pero,  ,4,1.0,1
4,este, e ,3,0.75,1
4,todo,  ,4,1.0,1
4,esta,  ,4,1.0,1
4,vida," rTk, t ",6,1.5,1
4,bien, w # ,4,1.0,1
4,otro,  ,4,1.0,1
4,cada,    ,4,1.0,1
4,agua, Tra a ,4,1.0,1
4,tras, fk ,4,1.0,1
4,juan, s ,4,1.0,1
4,tipo, #  ,4,1.0,1
4,dice,   ,4,1.0,1
4,sino, Aao ,3,0.75,1
4,caso,   ,4,1.0,1
4,nada, at ,3,0.75,1
4,poco, rDie ,4,1.0,1
4,ante, Ao n a ,5,1.25,1
4,unos, Aeonso ,4,1.0,1
4,algo, A   ,4,1.0,1
4,casa,  ara ,2,0.5,1
4,ayer, n eed ,4,1.0,1
4,esto,   ,4,1.0,1
4,pues, Apae ,3,0.75,1
4,debe, s ,4,1.0,1
4,toda,  ,4,1.0,1
4,casi,  ,4,1.0,1
4,ello, a a ,4,1.0,1
4,cual, RAA  ,4,1.0,1
4,agua, Ad  ,4,1.0,1
4,tras,  ,4,1.0,1
4,juan,   r. ,4,1.0,1
4,tipo,   ,4,1.0,1
4,dice,  f  ,4,1.0,1
4,sino, B e ,4,1.0,1
4,caso, x ,4,1.0,1
4,nada,  ,4,1.0,1
4,poco,  R # ,4,1.0,1
4,ante, d ,4,1.0,1
4,unos, a ,4,1.0,1
4,algo, R ,4,1.0,1
4,casa, A ,4,1.0,1
4,ayer, R ,4,1.0,1
4,esto, wD ,4,1.0,1
4,pues,   ,4,1.0,1
4,debe,  R ,4,1.0,1
4,toda,  ,4,1.0,1
4,casi, k ,4,1.0,1
4,ello,  a ,4,1.0,1
4,cual, A  ,4,1.0,1
4,agua,  Aer  ,4,1.0,1
4,tras, hnD ,4,1.0,1
4,juan, &h ,4,1.0,1
4,tipo,  ,4,1.0,1
4,dice,   ,4,1.0,1
4,sino, E -R ol ,6,1.5,1
4,caso, py ,4,1.0,1
4,nada,  p ,4,1.0,1
4,poco,  ,4,1.0,1
4,ante, Rr  ,4,1.0,1
4,unos,  irGg ,4,1.0,1
4,algo, Poe ,4,1.0,1
4,casa, fr  ,4,1.0,1
4,ayer, E ,4,1.0,1
4,esto, ti ,3,0.75,1
4,pues, B e ,3,0.75,1
4,debe, e e ,2,0.5,1
4,toda, h ,4,1.0,1
4,casi,  -o ,4,1.0,1
4,ello, E  OD ,5,1.25,1
4,cual, pahea ,5,1.25,1
4,agua, ArAh a ,5,1.25,1
4,tras,  ,4,1.0,1
4,juan, . oNRR . ,8,2.0,1
4,tipo, D ,4,1.0,1
4,dice,  aR ,4,1.0,1
4,sino, s  ,3,0.75,1
4,caso, M a ,4,1.0,1
4,nada,  ,4,1.0,1
4,poco,  Re ,4,1.0,1
4,ante, #  ,4,1.0,1
4,unos,  a ,4,1.0,1
4,algo, R ,4,1.0,1
4,casa, a   ,3,0.75,1
4,ayer, aR ,3,0.75,1
4,esto, R  ,4,1.0,1
4,pues,  a  ,4,1.0,1
4,debe,  ,4,1.0,1
4,toda,   ,4,1.0,1
4,casi,  ,4,1.0,1
4,ello,   e ,3,0.75,1
4,cual, h ,4,1.0,1
4,agua, at  ,3,0.75,1
4,tras,  ,4,1.0,1
4,juan, E ,4,1.0,1
4,tipo,  a ,4,1.0,1
4,dice,  a ,4,1.0,1
4,sino,   ,4,1.0,1
4,caso,  ,4,1.0,1
4,nada, o ,4,1.0,1
4,poco,  ,4,1.0,1
4,ante,   ,4,1.0,1
4,unos, # ,4,1.0,1
4,algo,   ,4,1.0,1
4,casa,  ,4,1.0,1
4,ayer,  # ,4,1.0,1
4,esto,   ,4,1.0,1
4,pues,  ,4,1.0,1
4,debe,  ,4,1.0,1
4,toda,  ,4,1.0,1
4,casi, # ,4,1.0,1
4,ello,  o ,3,0.75,1
4,cual,   ,4,1.0,1
4,agua, #gea  ,2,0.5,1
4,tras,  ,4,1.0,1
4,juan,  ,4,1.0,1
4,tipo, o  ,3,0.75,1
4,dice,  ,4,1.0,1
4,sino, arae ,4,1.0,1
4,caso,  ,4,1.0,1
4,nada, oE ,4,1.0,1
4,poco,  ,4,1.0,1
4,ante, o  ,4,1.0,1
4,unos, N ,4,1.0,1
4,algo,  . ,4,1.0,1
4,casa, aEs ,3,0.75,1
4,ayer, arre ,3,0.75,1
4,esto, A ,4,1.0,1
4,pues, r ,4,1.0,1
4,debe, oer ,3,0.75,1
4,toda,  ,4,1.0,1
4,casi,  ,4,1.0,1
4,ello, #l f o ,4,1.0,1
4,cual, fo .ee e ,8,2.0,1
4,lado,  ,4,1.0,1
4,bajo,  ,4,1.0,1
4,hizo,   ,4,1.0,1
4,mano,  ,4,1.0,1
4,eran,  ,4,1.0,1
4,unas,  5# ,4,1.0,1
4,obra,  ,4,1.0,1
4,modo,  ,4,1.0,1
4,luis, e ,4,1.0,1
4,esos, rs ,3,0.75,1
4,ojos, rs ,3,0.75,1
4,lado,  #  ,4,1.0,1
4,bajo,  ,4,1.0,1
4,hizo,    ,4,1.0,1
4,mano, # ,4,1.0,1
4,eran,   ,4,1.0,1
4,unas, a   ,3,0.75,1
4,obra,  ,4,1.0,1
4,modo, ## ,4,1.0,1
4,luis,"  ""# ",4,1.0,1
4,esos, #  & . ,6,1.5,1
4,ojos,   # ,4,1.0,1
4,lado,n a ,4,1.0,1
4,bajo,   ,4,1.0,1
4,hizo,  a#9 # ,5,1.25,1
4,mano, rs ,4,1.0,1
4,eran,  ,4,1.0,1
4,unas, I8 ,4,1.0,1
4,obra,     ,4,1.0,1
4,modo, #a  ,4,1.0,1
4,luis,   ,4,1.0,1
4,esos,  #  ,4,1.0,1
4,ojos,  e. ,4,1.0,1
4,lado, h .. ,4,1.0,1
4,bajo, t ,4,1.0,1
4,hizo,  #  ,4,1.0,1
4,mano, n  ,3,0.75,1
4,eran,  ,4,1.0,1
4,unas,   ,4,1.0,1
4,obra, T ,4,1.0,1
4,modo, m# ,3,0.75,1
4,luis,   ,4,1.0,1
4,esos, R ,4,1.0,1
4,ojos,  ,4,1.0,1
4,lado, Rada ,2,0.5,1
4,bajo, a  ,3,0.75,1
4,hizo,  a ,4,1.0,1
4,mano,  E ,4,1.0,1
4,eran, r ,3,0.75,1
4,unas,  ,4,1.0,1
4,obra,  o ,3,0.75,1
4,modo, # ,4,1.0,1
4,luis,  f ,4,1.0,1
4,esos,  ,4,1.0,1
4,ojos,  #  ,4,1.0,1
4,tema, o ,4,1.0,1
4,hijo, . ,4,1.0,1
4,seis,   ,4,1.0,1
4,cosa, B ,4,1.0,1
4,tuvo,  ,4,1.0,1
4,real,  ,4,1.0,1
4,paso,  ,4,1.0,1
4,dios,  ,4,1.0,1
4,esas,  ,4,1.0,1
4,creo, R ,4,1.0,1
4,amor,  ,4,1.0,1
4,sabe,   ,4,1.0,1
4,buen,  # ,4,1.0,1
4,solo, a ,4,1.0,1
4,zona,  #P8 ,4,1.0,1
4,idea, a  # ,4,1.0,1
4,tema, R ,4,1.0,1
4,hijo,  e ,4,1.0,1
4,seis,  ,4,1.0,1
4,cosa,  a ,3,0.75,1
4,tuvo, r ,4,1.0,1
4,real, g ,4,1.0,1
4,paso,  ,4,1.0,1
4,dios,  ,4,1.0,1
4,esas,  ,4,1.0,1
4,creo,  ,4,1.0,1
4,amor,  ,4,1.0,1
4,sabe, Aee ,3,0.75,1
4,buen,  ,4,1.0,1
4,solo,    ,4,1.0,1
4,zona, n ,3,0.75,1
4,idea, . ,4,1.0,1
4,tema,  onpk e ,6,1.5,1
4,hijo, # # ,4,1.0,1
4,seis, #  ,4,1.0,1
4,cosa, Ee ,4,1.0,1
4,tuvo, t ,3,0.75,1
4,real, #  ,4,1.0,1
4,paso, # ,4,1.0,1
4,dios, #   ,4,1.0,1
4,esas, o# ,4,1.0,1
4,creo, # ,4,1.0,1
4,amor, ## ,4,1.0,1
4,sabe,   ,4,1.0,1
4,buen, # # ,4,1.0,1
4,solo, a # ,4,1.0,1
4,zona,  #f ,4,1.0,1
4,idea, ## ,4,1.0,1
4,tema, # ,4,1.0,1
4,hijo,    ,4,1.0,1
4,seis,  ,4,1.0,1
4,cosa,  ,4,1.0,1
4,tuvo,  ,4,1.0,1
4,real, MR ,4,1.0,1
4,paso, r# ,4,1.0,1
4,dios,  # # ,4,1.0,1
4,esas,  ,4,1.0,1
4,creo,   ,4,1.0,1
4,amor,  # ,4,1.0,1
4,sabe,   ,4,1.0,1
4,buen,   ,4,1.0,1
4,solo,  # ,4,1.0,1
4,zona, ## ,4,1.0,1
4,idea,  ,4,1.0,1
4,tema,  fR ,4,1.0,1
4,hijo, h ,3,0.75,1
4,seis, A ,4,1.0,1
4,cosa, r ,4,1.0,1
4,tuvo,   ,4,1.0,1
4,real, e ,3,0.75,1
4,paso,  ,4,1.0,1
4,dios,   ,4,1.0,1
4,esas,  ,4,1.0,1
4,creo, P ,4,1.0,1
4,amor,  i ,4,1.0,1
4,sabe,    ,4,1.0,1
4,buen, - i ,4,1.0,1
4,solo, tf  E ,5,1.25,1
4,zona, Ra ,3,0.75,1
4,idea, E ,4,1.0,1
4,jefe,  t ,4,1.0,1
4,dado,   ,4,1.0,1
4,base, #   ,4,1.0,1
4,haya,  ,4,1.0,1
4,alto,   ,4,1.0,1
4,arte, M  ,4,1.0,1
4,cara,  e  4 ,4,1.0,1
4,edad,   ,4,1.0,1
4,aire, o    ,4,1.0,1
4,duda,   . ,4,1.0,1
4,jefe,  ,4,1.0,1
4,dado,  ,4,1.0,1
4,base,  ,4,1.0,1
4,haya,  ,4,1.0,1
4,alto, ea ,4,1.0,1
4,arte, # ,4,1.0,1
4,cara,  ,4,1.0,1
4,edad,  ,4,1.0,1
4,aire, y ,4,1.0,1
4,duda,   ,4,1.0,1
4,jefe,  ,4,1.0,1
4,dado, E # ,4,1.0,1
4,base, r ,4,1.0,1
4,haya,  t ,4,1.0,1
4,alto,  t ,3,0.75,1
4,arte, # ,4,1.0,1
4,cara, E ,4,1.0,1
4,edad,  ,4,1.0,1
4,aire,  ,4,1.0,1
4,duda,   ,4,1.0,1
4,jefe,  8le. ,4,1.0,1
4,dado, eo s ,4,1.0,1
4,base, IAD ,4,1.0,1
4,haya, no&Aa o ,6,1.5,1
4,alto,   ,4,1.0,1
4,arte, arn  ,2,0.5,1
4,cara,  teCk ,4,1.0,1
4,edad, hhxf ,4,1.0,1
4,aire, 5o  r ,5,1.25,1
4,duda,  fe-el el ,8,2.0,1
4,jefe, a 8h ,4,1.0,1
4,dado,     ,4,1.0,1
4,base, A  ,4,1.0,1
4,haya, #r    ,4,1.0,1
4,alto,  ir ,4,1.0,1
4,arte,  s # ,4,1.0,1
4,cara,   on he ,5,1.25,1
4,edad,   # ,4,1.0,1
4,aire, a 5R . ,5,1.25,1
4,duda, os r ,4,1.0,1
4,jefe,  ,4,1.0,1
4,dado, a  ,3,0.75,1
4,base,  ,4,1.0,1
4,haya, Ae ,4,1.0,1
4,alto, TFe  ,4,1.0,1
4,arte,  ,4,1.0,1
4,cara, TrO ,3,0.75,1
4,edad, B ,4,1.0,1
4,aire,  ,4,1.0,1
4,duda, . ,4,1.0,1
4,jefe, A afe. ,4,1.0,1
4,dado, e ,4,1.0,1
4,base, et ,4,1.0,1
4,haya, rArkr ,5,1.25,1
4,alto, A ,4,1.0,1
4,arte, xr . ,3,0.75,1
4,cara, r ,3,0.75,1
4,edad,  ,4,1.0,1
4,aire, oa tpa ,5,1.25,1
4,duda, aee ,4,1.0,1
4,jefe,  ,4,1.0,1
4,dado,  fR ,4,1.0,1
4,base, hs ,3,0.75,1
4,haya, nx ,4,1.0,1
4,alto, r fr ,4,1.0,1
4,arte,   o #. ,4,1.0,1
4,cara,  o ,4,1.0,1
4,edad, f ,4,1.0,1
4,aire, * ,4,1.0,1
4,duda, r ,4,1.0,1
5,mundo, E ,5,1.0,1
5,otros,  ,5,1.0,1
5,tanto, nr ,4,0.8,1
5,antes, n  ,4,0.8,1
5,desde, a ,5,1.0,1
5,sobre,  ,5,1.0,1
5,entre,  ,5,1.0,1
5,puede,  ,5,1.0,1
5,todos,  ,5,1.0,1
5,parte, r ,4,0.8,1
5,tiene, R ,5,1.0,1
5,donde,  ,5,1.0,1
5,mismo, ee ,5,1.0,1
5,ahora,  ,5,1.0,1
5,hasta, Ex ,5,1.0,1
5,hijos,  : ,5,1.0,1
5,menos, n a ,4,0.8,1
5,mundo, R ,5,1.0,1
5,otros, ros ,2,0.4,1
5,tanto, #R . ,5,1.0,1
5,antes, ## ,5,1.0,1
5,desde,  Ea  ,5,1.0,1
5,sobre, A   # ,5,1.0,1
5,entre, D  ufRa ,7,1.4,1
5,puede,  &a    ,5,1.0,1
5,todos, a  ,5,1.0,1
5,parte, #  ,5,1.0,1
5,tiene,     .. ,5,1.0,1
5,donde,   ,5,1.0,1
5,mismo,"  ,  Rg ",5,1.0,1
5,ahora, a ,4,0.8,1
5,hasta, a id ,4,0.8,1
5,hijos,    i ,4,0.8,1
5,menos,    ,5,1.0,1
5,mundo,  ,5,1.0,1
5,otros, 8 ,5,1.0,1
5,tanto,   ,5,1.0,1
5,antes,  # ,5,1.0,1
5,desde, #   ,5,1.0,1
5,sobre, re   ,3,0.6,1
5,entre,    ,5,1.0,1
5,puede, #o# ,5,1.0,1
5,todos,  ,5,1.0,1
5,parte,     ,5,1.0,1
5,tiene, i. r  e..iss . ,13,2.6,1
5,donde, . a f ,5,1.0,1
5,mismo,  # ?  ,5,1.0,1
5,ahora, F ,5,1.0,1
5,hasta,   ,5,1.0,1
5,hijos,    x ,5,1.0,1
5,menos,   ,5,1.0,1
5,mundo, n R. ,5,1.0,1
5,otros, ERs. ,5,1.0,1
5,tanto,  a ,4,0.8,1
5,antes, n ,4,0.8,1
5,desde, E ,5,1.0,1
5,sobre,  ,5,1.0,1
5,entre,  ,5,1.0,1
5,puede,  ,5,1.0,1
5,todos, .  ,5,1.0,1
5,parte,   ,5,1.0,1
5,tiene,   ,5,1.0,1
5,donde,   ,5,1.0,1
5,mismo, p z ,5,1.0,1
5,ahora, P h ,5,1.0,1
5,hasta, aoo ,4,0.8,1
5,hijos,  a2  ,5,1.0,1
5,menos,    a ,5,1.0,1
5,quien,  nn   ,4,0.8,1
5,forma, o ,4,0.8,1
5,hacer, ry ,5,1.0,1
5,estos, pr i ,5,1.0,1
5,mayor," mra, ",4,0.8,1
5,hacia,  e ,5,1.0,1
5,ellos, o s ,4,0.8,1
5,hecho,   n ,5,1.0,1
5,mucho, n a.  ,5,1.0,1
5,noche, # ,5,1.0,1
5,lugar, anao ,4,0.8,1
5,otras, rr ,4,0.8,1
5,mejor,  ,5,1.0,1
5,nuevo,   ,5,1.0,1
5,decir, aaor ,4,0.8,1
5,todas, adis ,3,0.6,1
5,cosas, a ,4,0.8,1
5,punto, rRnr ,4,0.8,1
5,estas,  e ,4,0.8,1
5,nunca, ar ,5,1.0,1
5,poder, ra ,5,1.0,1
5,veces,  ,5,1.0,1
5,grupo, BA ,5,1.0,1
5,misma, p reD ,5,1.0,1
5,mujer,  te rr ,4,0.8,1
5,luego, Aah ,5,1.0,1
5,medio,  ,5,1.0,1
5,nueva, m RAE ,5,1.0,1
5,tener,  ,5,1.0,1
5,quien,     ,5,1.0,1
5,forma,  p ,5,1.0,1
5,hacer,  RdR ,5,1.0,1
5,estos, f ,5,1.0,1
5,mayor, IpAeoo ,5,1.0,1
5,hacia, aR  ,4,0.8,1
5,ellos,  y ,5,1.0,1
5,hecho, f    ,5,1.0,1
5,mucho, h n ,5,1.0,1
5,noche, d    ,5,1.0,1
5,lugar, a d ,5,1.0,1
5,otras,   ,5,1.0,1
5,mejor, p . # ,5,1.0,1
5,nuevo,   #  ,5,1.0,1
5,decir,     ,5,1.0,1
5,todas,  or a ,4,0.8,1
5,cosas, eg  ,5,1.0,1
5,punto,   ,5,1.0,1
5,estas,     . ,5,1.0,1
5,nunca, f d hn R  ,7,1.4,1
5,poder, f   Rd ,6,1.2,1
5,veces, h   f ,5,1.0,1
5,grupo,  ,5,1.0,1
5,misma,   ,5,1.0,1
5,mujer, oA ,5,1.0,1
5,luego,  daR ,5,1.0,1
5,medio, TB  ,5,1.0,1
5,nueva, R ,5,1.0,1
5,tener, Rf ,5,1.0,1
5,quien, ra D ,5,1.0,1
5,forma, raae if ,7,1.4,1
5,hacer, h p ,4,0.8,1
5,estos,   ,5,1.0,1
5,mayor, FnopopA ,6,1.2,1
5,hacia,  O  ,5,1.0,1
5,ellos, RE  ,5,1.0,1
5,hecho, ef ,4,0.8,1
5,mucho, Ateai ,5,1.0,1
5,noche, B   ,5,1.0,1
5,lugar, # Ar ,4,0.8,1
5,otras, lr . ,4,0.8,1
5,mejor, pREp ,5,1.0,1
5,nuevo,  ,5,1.0,1
5,decir, Ro ,5,1.0,1
5,todas, Ed ,4,0.8,1
5,cosas, R  u ,5,1.0,1
5,punto, hpd ,5,1.0,1
5,estas,  ,5,1.0,1
5,nunca, RR #  ,5,1.0,1
5,poder,  ,5,1.0,1
5,veces, ofR  ,5,1.0,1
5,grupo,  o A ,5,1.0,1
5,misma, . ,5,1.0,1
5,mujer, aa ,5,1.0,1
5,luego, f lRaD ,6,1.2,1
5,medio, f    ,5,1.0,1
5,nueva, & D AAe o ,8,1.6,1
5,tener,   ,5,1.0,1
5,quien,   aD ,5,1.0,1
5,forma, B ,5,1.0,1
5,hacer, fm f ,5,1.0,1
5,estos,  ,5,1.0,1
5,mayor, rx ,5,1.0,1
5,hacia,  .   ,5,1.0,1
5,ellos, . D ,5,1.0,1
5,hecho,    a ,5,1.0,1
5,mucho, fAhen ,5,1.0,1
5,noche," okR r""R ",7,1.4,1
5,lugar, R1ahird ,6,1.2,1
5,otras,    ,5,1.0,1
5,mejor, PR ,5,1.0,1
5,nuevo,     ,5,1.0,1
5,decir, R h ,5,1.0,1
5,todas, t ,4,0.8,1
5,cosas, E  ,5,1.0,1
5,punto, D a ,5,1.0,1
5,estas,    ,5,1.0,1
5,nunca, or ,5,1.0,1
5,poder,  r  a ,5,1.0,1
5,veces, R  ,5,1.0,1
5,grupo, Aah  ,5,1.0,1
5,misma, pr r  ,5,1.0,1
5,mujer, Pd  ,5,1.0,1
5,luego,  A&  ,5,1.0,1
5,medio, f . D ,5,1.0,1
5,nueva, AahorMe ,7,1.4,1
5,tener, eh ,4,0.8,1
5,quien, a8 ,5,1.0,1
5,forma,  ,5,1.0,1
5,hacer,  ,5,1.0,1
5,estos,   ,5,1.0,1
5,mayor, o ,4,0.8,1
5,hacia, e.e ,5,1.0,1
5,ellos,  ,5,1.0,1
5,hecho,   ,5,1.0,1
5,mucho, ,5,1.0,1
5,noche,  ,5,1.0,1
5,lugar,  ,5,1.0,1
5,otras, # ,5,1.0,1
5,mejor,  ,5,1.0,1
5,nuevo,  ,5,1.0,1
5,decir,  ,5,1.0,1
5,todas, # ,5,1.0,1
5,cosas, bB ,5,1.0,1
5,punto,  ,5,1.0,1
5,estas,  ,5,1.0,1
5,nunca, R ,5,1.0,1
5,poder,  ,5,1.0,1
5,veces,   ,5,1.0,1
5,grupo,  ,5,1.0,1
5,misma,  ,5,1.0,1
5,mujer, R ,5,1.0,1
5,luego, e ,4,0.8,1
5,medio,  ,5,1.0,1
5,nueva,  ,5,1.0,1
5,tener,  ,5,1.0,1
5,quien, # ,5,1.0,1
5,forma, rror ,4,0.8,1
5,hacer, En ,5,1.0,1
5,estos,   ,5,1.0,1
5,mayor, mr ,3,0.6,1
5,hacia, aE ,4,0.8,1
5,ellos,i ,5,1.0,1
5,hecho, es ,4,0.8,1
5,mucho, Besemi ,6,1.2,1
5,noche, on ,4,0.8,1
5,lugar, es ,5,1.0,1
5,otras, e  ,5,1.0,1
5,mejor,   ,5,1.0,1
5,nuevo,  ,5,1.0,1
5,decir, la ,5,1.0,1
5,todas, EN ,5,1.0,1
5,cosas,  ,5,1.0,1
5,punto, De ,5,1.0,1
5,estas, a ,4,0.8,1
5,nunca, rRO ,5,1.0,1
5,poder, psderh ,2,0.4,1
5,veces, e ER ,4,0.8,1
5,grupo, Ona ,5,1.0,1
5,misma,  ,5,1.0,1
5,mujer, o ,5,1.0,1
5,luego,  ,5,1.0,1
5,medio,  ,5,1.0,1
5,nueva, oero ,4,0.8,1
5,tener, Fsrre ,5,1.0,1
5,junto, se ,5,1.0,1
5,manos, ErEaors ,5,1.0,1
5,nivel, pof. ,5,1.0,1
5,largo, # #8 T y ,8,1.6,1
5,haber," "" # ",5,1.0,1
5,fuera, # ,5,1.0,1
5,usted,  ,5,1.0,1
5,nadie, # ,5,1.0,1
5,horas, 8 ,5,1.0,1
5,tarde,  ,5,1.0,1
5,dicho, ara ,5,1.0,1
5,cinco, # ,5,1.0,1
5,estar,  ,5,1.0,1
5,padre, # ,5,1.0,1
5,final,  ,5,1.0,1
5,madre, #  ,5,1.0,1
5,gente,  gt ,3,0.6,1
5,siglo,  Da ,5,1.0,1
5,meses,  omppna5D  ,7,1.4,1
5,aquel, Dh  ,5,1.0,1
5,falta, aB ,4,0.8,1
5,junto,  ,5,1.0,1
5,manos,     ,5,1.0,1
5,nivel,  g ,5,1.0,1
5,largo, # ### ,5,1.0,1
5,haber,      ,5,1.0,1
5,fuera,       ,5,1.0,1
5,usted, #  #  ,5,1.0,1
5,nadie, #  ,5,1.0,1
5,horas, a  f ,5,1.0,1
5,tarde, ar  ,3,0.6,1
5,dicho,   ,5,1.0,1
5,cinco, & # ## ,6,1.2,1
5,estar,  y ,5,1.0,1
5,padre,   ,5,1.0,1
5,final,      ,5,1.0,1
5,madre,    ,5,1.0,1
5,gente,    ,5,1.0,1
5,siglo,  ,5,1.0,1
5,meses,  ,5,1.0,1
5,aquel,  # ,5,1.0,1
5,falta,  # # ,5,1.0,1
5,junto,  o &  ,5,1.0,1
5,manos,  en# ,4,0.8,1
5,nivel,   # ,5,1.0,1
5,largo,  an # ,4,0.8,1
5,haber,  oa ,4,0.8,1
5,fuera,  #8 ,5,1.0,1
5,usted, &    # ,6,1.2,1
5,nadie,    ,5,1.0,1
5,horas, al ,4,0.8,1
5,tarde," "" t   ",5,1.0,1
5,dicho, . # ,5,1.0,1
5,cinco,  a  ,5,1.0,1
5,estar,   ,5,1.0,1
5,padre, f ft ,5,1.0,1
5,final,  ,5,1.0,1
5,madre, #ti# ,5,1.0,1
5,gente,    ,5,1.0,1
5,siglo, A#  ,5,1.0,1
5,meses,  # # ,5,1.0,1
5,aquel, #  i ,5,1.0,1
5,falta,    ,5,1.0,1
5,junto,  ,5,1.0,1
5,manos, a ,4,0.8,1
5,nivel, r ,5,1.0,1
5,largo, ## ,5,1.0,1
5,haber, Rn Rre F. ,8,1.6,1
5,fuera, e ,4,0.8,1
5,usted, Is  ,4,0.8,1
5,nadie,   ,5,1.0,1
5,horas, e  ,5,1.0,1
5,tarde,   ,5,1.0,1
5,dicho, A #  ,5,1.0,1
5,cinco, Rr  ,5,1.0,1
5,estar,    ,5,1.0,1
5,padre,  as ,4,0.8,1
5,final,   ,5,1.0,1
5,madre, ra  ,4,0.8,1
5,gente,  ,5,1.0,1
5,siglo,   ,5,1.0,1
5,meses,  ,5,1.0,1
5,aquel, T ,5,1.0,1
5,falta,  ,5,1.0,1
5,junto,  #* ,5,1.0,1
5,manos, # ,5,1.0,1
5,nivel, R# ,5,1.0,1
5,largo, #  ,5,1.0,1
5,haber, r atoere ,5,1.0,1
5,fuera, Rel o so ,8,1.6,1
5,usted, &e ,4,0.8,1
5,nadie, aa ,4,0.8,1
5,horas, oR ,4,0.8,1
5,tarde, oaoRoe ,4,0.8,1
5,dicho,   ##  ,5,1.0,1
5,cinco, # ,5,1.0,1
5,estar, ra ,4,0.8,1
5,padre, a i ,4,0.8,1
5,final,   R## ,5,1.0,1
5,madre,  ,5,1.0,1
5,gente,  ,5,1.0,1
5,siglo,    ,5,1.0,1
5,meses, r7 ,5,1.0,1
5,aquel,  f ,5,1.0,1
5,falta,    ,5,1.0,1
5,papel,   ,5,1.0,1
5,hemos, Dro ,4,0.8,1
5,trata, #  ,5,1.0,1
5,claro,   ,5,1.0,1
5,estoy, at   ,4,0.8,1
5,orden,  ,5,1.0,1
5,buena,  #e ,4,0.8,1
5,libro,  ,5,1.0,1
5,igual, o #A  # ,7,1.4,1
5,ellas,    # ,5,1.0,1
5,total,  # ,5,1.0,1
5,tengo,  ,5,1.0,1
5,fondo, R ,5,1.0,1
5,campo, t ,5,1.0,1
5,obras, # e ,5,1.0,1
5,pesar, # ,5,1.0,1
5,calle, l o# # ,6,1.2,1
5,saber,   h ,5,1.0,1
5,vista, . ,5,1.0,1
5,papel,  a ,4,0.8,1
5,hemos, fe ,4,0.8,1
5,trata,  ,5,1.0,1
5,claro, R ,5,1.0,1
5,estoy,  k ,5,1.0,1
5,orden, rRe ,3,0.6,1
5,buena, re ,4,0.8,1
5,libro,   ,5,1.0,1
5,igual, e ,5,1.0,1
5,ellas,  ,5,1.0,1
5,total,  ,5,1.0,1
5,tengo, RR ,5,1.0,1
5,fondo, E ,5,1.0,1
5,campo,  ,5,1.0,1
5,obras,  s . ,5,1.0,1
5,pesar, AR ,5,1.0,1
5,calle, R ,5,1.0,1
5,saber, . ,5,1.0,1
5,vista,  ,5,1.0,1
5,papel,   ## ,5,1.0,1
5,hemos,  ,5,1.0,1
5,trata,  ,5,1.0,1
5,claro,  # ,5,1.0,1
5,estoy,  ,5,1.0,1
5,orden,  ,5,1.0,1
5,buena,  # ,5,1.0,1
5,libro,  ,5,1.0,1
5,igual,  ,5,1.0,1
5,ellas,  ,5,1.0,1
5,total, #  e   ,5,1.0,1
5,tengo, z* ,5,1.0,1
5,fondo, # ,5,1.0,1
5,campo,   ,5,1.0,1
5,obras, # # ,5,1.0,1
5,pesar, #e# ,4,0.8,1
5,calle, e  ,4,0.8,1
5,saber,  # ,5,1.0,1
5,vista, # #   ,5,1.0,1
5,papel, n   ,5,1.0,1
5,hemos, #  ,5,1.0,1
5,trata,  ,5,1.0,1
5,claro,  r ,4,0.8,1
5,estoy,     ,5,1.0,1
5,orden,   e ,4,0.8,1
5,libro,  ,5,1.0,1
5,igual,  e ,5,1.0,1
5,ellas,  ,5,1.0,1
5,total,  ,5,1.0,1
5,tengo, ff ,5,1.0,1
5,fondo, f ,4,0.8,1
5,campo, # ,5,1.0,1
5,obras, sr ,4,0.8,1
5,pesar,  ,5,1.0,1
5,calle,  a ,4,0.8,1
5,saber,  ,5,1.0,1
5,vista,  rm ,5,1.0,1
5,papel, ofR ,5,1.0,1
5,hemos,  i  ,5,1.0,1
5,trata, hE  ,5,1.0,1
5,claro,    ,5,1.0,1
5,estoy, nk ,5,1.0,1
5,orden, Rhtar ,5,1.0,1
5,buena, ee ,4,0.8,1
5,libro, e  a  f ,7,1.4,1
5,igual, n ,5,1.0,1
5,ellas,   ,5,1.0,1
5,total,   ,5,1.0,1
5,tengo, eniE ,3,0.6,1
5,fondo,  rraf ,5,1.0,1
5,campo,  onnn ,5,1.0,1
5,obras, Ror ,4,0.8,1
5,pesar, r # B ,5,1.0,1
5,calle, AA e ,4,0.8,1
5,saber,  rRh ,5,1.0,1
5,vista, 5# ,5,1.0,1
5,serie, a  . ,5,1.0,1
5,ambos, i   ,5,1.0,1
5,salud,"  A , ",5,1.0,1
5,media, # 1 ,5,1.0,1
5,deben,    ,5,1.0,1
5,datos,   ,5,1.0,1
5,julio,  ,5,1.0,1
5,visto,  y ,5,1.0,1
5,bueno,  p ,5,1.0,1
5,juego, ARre ,5,1.0,1
5,sigue,    ,5,1.0,1
5,cerca, o ,5,1.0,1
5,valor, 5   ,5,1.0,1
5,joven,    ,5,1.0,1
5,serie,  ,5,1.0,1
5,ambos,  ,5,1.0,1
5,salud,  ,5,1.0,1
5,media, p ,5,1.0,1
5,deben,  ,5,1.0,1
5,datos,  ,5,1.0,1
5,julio,  ,5,1.0,1
5,visto,    ,5,1.0,1
5,bueno,  ,5,1.0,1
5,juego,  ,5,1.0,1
5,sigue,  ,5,1.0,1
5,cerca,  ,5,1.0,1
5,valor, # ,5,1.0,1
5,joven, woh ,4,0.8,1
5,serie, #   ,5,1.0,1
5,ambos,  ,5,1.0,1
5,salud,  ,5,1.0,1
5,media,  R t ,5,1.0,1
5,deben, # ,5,1.0,1
5,datos,  ,5,1.0,1
5,julio,  ,5,1.0,1
5,visto,  a ,5,1.0,1
5,bueno, n ,4,0.8,1
5,juego,   ,5,1.0,1
5,sigue,  ,5,1.0,1
5,cerca, ER ,5,1.0,1
5,valor,   ,5,1.0,1
5,joven,  ,5,1.0,1
5,serie,  p8i s ,5,1.0,1
5,ambos, anfss ,3,0.6,1
5,salud, eeel ,5,1.0,1
5,media, ono dia ,4,0.8,1
5,deben, es aes ,5,1.0,1
5,datos, s ,4,0.8,1
5,julio, Aaea ,5,1.0,1
5,visto, MN  ,5,1.0,1
5,bueno, aRnn ,4,0.8,1
5,juego, AeeD a ,5,1.0,1
5,sigue,  s x aeR. ,6,1.2,1
5,cerca, C   eN ,6,1.2,1
5,valor, AAn ,5,1.0,1
5,joven, A   en ,4,0.8,1
5,serie, A R h ,5,1.0,1
5,ambos, .   ,5,1.0,1
5,salud,   sa oe ,3,0.6,1
5,media, r inn  i ,8,1.6,1
5,deben,   ,5,1.0,1
5,datos,   ee ,5,1.0,1
5,julio, owhah ,5,1.0,1
5,visto, o o ,4,0.8,1
5,bueno,   ,5,1.0,1
5,juego, o&& ADA ,7,1.4,1
5,sigue, & oe a ,6,1.2,1
5,cerca,   fa ,4,0.8,1
5,valor, aRr. ,4,0.8,1
5,joven,    M ,5,1.0,1
5,serie, .  ,5,1.0,1
5,ambos,  ,5,1.0,1
5,salud, or ,5,1.0,1
5,media, A. ,5,1.0,1
5,deben, Er ,5,1.0,1
5,datos,  # ,5,1.0,1
5,julio, of ,5,1.0,1
5,visto, orR ,5,1.0,1
5,bueno, een ,3,0.6,1
5,juego, faR ,5,1.0,1
5,sigue,  ,5,1.0,1
5,cerca, er ,3,0.6,1
5,valor, r ,4,0.8,1
5,joven,  n ,4,0.8,1
5,serie, rerne ,2,0.4,1
5,ambos, l ,5,1.0,1
5,salud, tare ,4,0.8,1
5,media, rote ,5,1.0,1
5,deben, nre ,4,0.8,1
5,datos,  ,5,1.0,1
5,julio, feo ,4,0.8,1
5,visto, 2peionte ,6,1.2,1
5,bueno, HnRer o ,5,1.0,1
5,juego,  a #A p ,6,1.2,1
5,sigue, aRe ,4,0.8,1
5,cerca, F ,5,1.0,1
5,valor, Taop ,3,0.6,1
5,joven, dtor ,5,1.0,1
5,serie, H ,5,1.0,1
5,ambos, M.  ,5,1.0,1
5,salud,  # a a p ,6,1.2,1
5,media, fo    ,5,1.0,1
5,deben, p M  ,5,1.0,1
5,datos, A hh ,5,1.0,1
5,julio, sr  # ,5,1.0,1
5,visto, M  ,5,1.0,1
5,bueno, a o   ,4,0.8,1
5,juego,  ,5,1.0,1
5,sigue, s ,4,0.8,1
5,cerca,  tr ,4,0.8,1
5,valor,   ,5,1.0,1
5,joven,  o  ,4,0.8,1
6,aunque,  ,6,1.0,1
6,estado, Dn i ,6,1.0,1
6,cuando, Nar. -  e ,9,1.5,1
6,porque, z ,6,1.0,1
6,tiempo, ar ,6,1.0,1
6,aunque, s.  s.... ,9,1.5,1
6,estado,   f ,6,1.0,1
6,cuando,i    ,6,1.0,1
6,porque,  * # #. ,6,1.0,1
6,tiempo, ae ,5,0.8333,1
6,aunque, ,6,1.0,1
6,estado,   ,6,1.0,1
6,cuando, ,6,1.0,1
6,porque, #    # #. ,9,1.5,1
6,tiempo,  # ,6,1.0,1
6,aunque, 8 # Re #  ,7,1.1667,1
6,estado,     ,6,1.0,1
6,cuando,  ,6,1.0,1
6,porque,  ,6,1.0,1
6,tiempo, r  ,6,1.0,1
6,ciudad,  ,6,1.0,1
6,social, A ,6,1.0,1
6,manera, eft ,5,0.8333,1
6,muchos,   ,6,1.0,1
6,cuatro, aa ,5,0.8333,1
6,dentro,  ,6,1.0,1
6,contra,  ,6,1.0,1
6,estaba, aa  ,4,0.6667,1
6,hombre, nn  R ,6,1.0,1
6,madrid,  tnnll. ,6,1.0,1
6,frente, A seors ,6,1.0,1
6,pasado, mRt ,6,1.0,1
6,primer, r ,5,0.8333,1
6,cuenta, #   ,6,1.0,1
6,fueron, t  ,6,1.0,1
6,pueden,  e ,5,0.8333,1
6,tienen, e A ,5,0.8333,1
6,ciudad,  ,6,1.0,1
6,social, E ,6,1.0,1
6,manera, w Rn & R ,7,1.1667,1
6,muchos, anr  ,6,1.0,1
6,cuatro,   ,6,1.0,1
6,dentro,   ,6,1.0,1
6,contra,    ,6,1.0,1
6,estaba, e  ,5,0.8333,1
6,hombre, eo g ,5,0.8333,1
6,madrid, RT e ,6,1.0,1
6,frente, f ed ,4,0.6667,1
6,pasado,   W... ,6,1.0,1
6,primer,"  "" e ",5,0.8333,1
6,cuenta,  ,6,1.0,1
6,fueron,  ,6,1.0,1
6,pueden, T R ,6,1.0,1
6,tienen,   eD ,5,0.8333,1
6,ciudad, R e ,6,1.0,1
6,social, ro r  ,5,0.8333,1
6,manera, RRDa ,5,0.8333,1
6,muchos, Rh ,5,0.8333,1
6,cuatro,     # ,6,1.0,1
6,dentro, #t    ,5,0.8333,1
6,contra, FRe  ,6,1.0,1
6,estaba, a  a  ,5,0.8333,1
6,hombre, hgo ,5,0.8333,1
6,madrid, Ao ,6,1.0,1
6,frente, fBR  ,5,0.8333,1
6,pasado, I lr ,6,1.0,1
6,primer, I   A ,6,1.0,1
6,cuenta, R f   ,6,1.0,1
6,fueron, RIs ,6,1.0,1
6,pueden, Ba  of ,6,1.0,1
6,tienen, or ,6,1.0,1
6,ciudad, p a ,5,0.8333,1
6,social, A  ,6,1.0,1
6,manera, ARi ,6,1.0,1
6,muchos, Aw  ,6,1.0,1
6,cuatro, d t ,5,0.8333,1
6,dentro, e B ,5,0.8333,1
6,contra,   ,6,1.0,1
6,estaba,     ,6,1.0,1
6,hombre, aed ,6,1.0,1
6,madrid, R l ,6,1.0,1
6,frente, f  ,5,0.8333,1
6,pasado, f iroas f  ,8,1.3333,1
6,primer,  Rh ,6,1.0,1
6,cuenta, nerN ,5,0.8333,1
6,fueron, f b ,5,0.8333,1
6,pueden, phRoh ,5,0.8333,1
6,tienen,  o  ,6,1.0,1
6,ciudad,  N ,6,1.0,1
6,social,  ,6,1.0,1
6,manera, m ,5,0.8333,1
6,muchos,  ,6,1.0,1
6,cuatro,  ,6,1.0,1
6,dentro,   ,6,1.0,1
6,contra,  ,6,1.0,1
6,estaba,  ,6,1.0,1
6,hombre,  ,6,1.0,1
6,madrid,   ,6,1.0,1
6,frente,  ,6,1.0,1
6,pasado,  .. ,6,1.0,1
6,primer, ron ,5,0.8333,1
6,cuenta, #ho ,6,1.0,1
6,fueron,  ,6,1.0,1
6,pueden,   ,6,1.0,1
6,tienen,   ,6,1.0,1
6,ciudad,  ,6,1.0,1
6,social,  ,6,1.0,1
6,manera,  ,6,1.0,1
6,muchos, Ebef ,6,1.0,1
6,cuatro, rE  ,5,0.8333,1
6,dentro, oorE ,5,0.8333,1
6,contra, h ,6,1.0,1
6,estaba, rErl ,6,1.0,1
6,hombre, AnnpBtpe ,7,1.1667,1
6,madrid, ore ,5,0.8333,1
6,frente, fon ,4,0.6667,1
6,pasado, ozEE ,6,1.0,1
6,primer, preironnre. ,7,1.1667,1
6,cuenta, rr ,6,1.0,1
6,fueron,  ,6,1.0,1
6,pueden, & ,6,1.0,1
6,tienen,  8o ,6,1.0,1
6,cabeza, Is ss ,6,1.0,1
6,cuanto, R1hB y ,6,1.0,1
6,equipo, Rz ,6,1.0,1
6,cierto,   ,6,1.0,1
6,partir,  ea  ,5,0.8333,1
6,llegar,  ao15R. ,6,1.0,1
6,propio, R5lDg ,6,1.0,1
6,parece,  aohe ,4,0.6667,1
6,guerra,  55 ,6,1.0,1
6,cambio,  ,6,1.0,1
6,centro, # m ,6,1.0,1
6,cuerpo, # ,6,1.0,1
6,unidos, rpats ,5,0.8333,1
6,verdad, A5s ,6,1.0,1
6,muerte, more  ,3,0.5,1
6,nombre, sTa5sao ,7,1.1667,1
6,muchas, r s 5 ,6,1.0,1
6,pueblo, fss ,6,1.0,1
6,carlos,  ,6,1.0,1
6,alguna, aerp ,5,0.8333,1
6,tierra, B 5TRBs ,7,1.1667,1
6,cabeza,  #  # t ,6,1.0,1
6,cuanto,   t ,5,0.8333,1
6,equipo,   e ,5,0.8333,1
6,cierto,    ,6,1.0,1
6,partir,  ,6,1.0,1
6,llegar,  ## ,6,1.0,1
6,propio, #  ,6,1.0,1
6,parece,  ,6,1.0,1
6,guerra,    o ,6,1.0,1
6,cambio,    # ,6,1.0,1
6,centro,    ,6,1.0,1
6,cuerpo, #   ,6,1.0,1
6,unidos, #   ,6,1.0,1
6,verdad,    # ,6,1.0,1
6,muerte,  #  ,6,1.0,1
6,nombre,"    "" ",6,1.0,1
6,muchas,   ,6,1.0,1
6,pueblo,     ,6,1.0,1
6,carlos, # ,6,1.0,1
6,alguna,  #  ,6,1.0,1
6,tierra,   ,6,1.0,1
6,cabeza, #rg ,6,1.0,1
6,cuanto, & a  r ,5,0.8333,1
6,equipo,  #  ,6,1.0,1
6,cierto,  s ,6,1.0,1
6,partir,  # ,6,1.0,1
6,llegar,   e ,5,0.8333,1
6,propio, # #   ,6,1.0,1
6,parece, # ,6,1.0,1
6,guerra,   oR8.. ,6,1.0,1
6,cambio, # ,6,1.0,1
6,centro, f   ,6,1.0,1
6,cuerpo, e a ,5,0.8333,1
6,unidos,  #z ,6,1.0,1
6,verdad, o #R# f r  ,9,1.5,1
6,muerte, p # e ,5,0.8333,1
6,nombre,    ,6,1.0,1
6,muchas, # . ,6,1.0,1
6,pueblo, #  ,6,1.0,1
6,carlos,   ,6,1.0,1
6,alguna,  & a#  ,6,1.0,1
6,tierra,t 8R ,5,0.8333,1
6,cabeza,   a i ,5,0.8333,1
6,cuanto,  ,6,1.0,1
6,equipo,  # ,6,1.0,1
6,cierto,  A  ,6,1.0,1
6,partir,    ,6,1.0,1
6,llegar, # ,6,1.0,1
6,propio, # ,6,1.0,1
6,parece, paareor ,3,0.5,1
6,guerra,  ,6,1.0,1
6,cambio, a ,5,0.8333,1
6,centro,  a f&   ,6,1.0,1
6,cuerpo,     ,6,1.0,1
6,unidos,    s ,5,0.8333,1
6,verdad, #oR. a ,6,1.0,1
6,muerte, rh ,5,0.8333,1
6,nombre,  ,6,1.0,1
6,muchas, pu  ,5,0.8333,1
6,pueblo,  ,6,1.0,1
6,carlos,   ,6,1.0,1
6,alguna, Ta ,5,0.8333,1
6,tierra, #. ,6,1.0,1
6,cabeza,  ,6,1.0,1
6,cuanto, #   ,6,1.0,1
6,equipo, #   ,6,1.0,1
6,cierto, # ,6,1.0,1
6,partir,   e  ,6,1.0,1
6,llegar,    ,6,1.0,1
6,propio,   ,6,1.0,1
6,parece, R-E a. ,6,1.0,1
6,guerra, feeera ,3,0.5,1
6,cambio, T  ,6,1.0,1
6,centro,   e  ,5,0.8333,1
6,cuerpo, ixRR ,6,1.0,1
6,verdad,   g ,6,1.0,1
6,muerte,   ,6,1.0,1
6,nombre, #E   ,6,1.0,1
6,muchas, zzz ,6,1.0,1
6,pueblo,  f ,6,1.0,1
6,carlos, # ,6,1.0,1
6,alguna,  ,6,1.0,1
6,tierra, # g# ,6,1.0,1
6,ciento,  D ,6,1.0,1
6,semana, Re ,5,0.8333,1
6,varios, y   ,6,1.0,1
6,quiere, #arthss . ,9,1.5,1
6,puesto, # o8 a#   ,7,1.1667,1
6,propia,   o ,5,0.8333,1
6,hablar, hs ,5,0.8333,1
6,fuerza, R. ,6,1.0,1
6,puerta,   t ,5,0.8333,1
6,dinero, EArr ,5,0.8333,1
6,camino," "" f  8 n. ",8,1.3333,1
6,ciento,  r ,6,1.0,1
6,semana, AA ,6,1.0,1
6,varios, o # ,6,1.0,1
6,quiere, B ,6,1.0,1
6,puesto,  ,6,1.0,1
6,propia, rd ,5,0.8333,1
6,hablar, o  ,6,1.0,1
6,fuerza, h f ,6,1.0,1
6,puerta, xt ,5,0.8333,1
6,dinero, a ,6,1.0,1
6,camino,   ,6,1.0,1
6,ciento, #  # ,6,1.0,1
6,semana, #or ,6,1.0,1
6,varios, # ,6,1.0,1
6,quiere,    ,6,1.0,1
6,puesto, # ,6,1.0,1
6,propia, # # e   ,6,1.0,1
6,hablar,  y ,6,1.0,1
6,fuerza,  ,6,1.0,1
6,puerta,  ### ,6,1.0,1
6,dinero,  #5 ,6,1.0,1
6,camino,   ,6,1.0,1
6,ciento,  # ,6,1.0,1
6,semana,   ,6,1.0,1
6,varios, P  ,6,1.0,1
6,quiere,  hh. ,6,1.0,1
6,puesto,  st  ,4,0.6667,1
6,propia, r  ,5,0.8333,1
6,hablar, F  ,6,1.0,1
6,fuerza,   f ,5,0.8333,1
6,puerta,  #  ,6,1.0,1
6,dinero,  #R ,6,1.0,1
6,camino,  E ,6,1.0,1
6,ciento, Ro ,5,0.8333,1
6,semana,  E ,6,1.0,1
6,varios, seg ,6,1.0,1
6,puesto, ARn ,6,1.0,1
6,propia,  nERE ,6,1.0,1
6,hablar, l   R ,6,1.0,1
6,fuerza, lfa # 57 ,7,1.1667,1
6,puerta, 1hR ,6,1.0,1
6,dinero,  ,6,1.0,1
6,camino, : oR ,6,1.0,1
6,quiere, o ATR ,6,1.0,1
6,nuevas,   ,6,1.0,1
6,crisis, #g ,6,1.0,1
6,europa, ah ,6,1.0,1
6,medios, h   ,6,1.0,1
6,actual,   ,6,1.0,1
6,siendo,   .   ,6,1.0,1
6,prensa,  taR  ,6,1.0,1
6,sector,  #  s ,6,1.0,1
6,imagen,   ,6,1.0,1
6,medida,   . ,6,1.0,1
6,existe,   . ,6,1.0,1
6,puntos,   ,6,1.0,1
6,grupos, A M 9a ,6,1.0,1
6,futuro, #a  z ,6,1.0,1
6,pronto,  g  ,6,1.0,1
6,figura,"  , ",6,1.0,1
6,nuevos, ptR  ,6,1.0,1
6,efecto,   ,6,1.0,1
6,nuevas,  ,6,1.0,1
6,crisis,  ,6,1.0,1
6,europa,  ,6,1.0,1
6,medios,  ,6,1.0,1
6,actual,  ,6,1.0,1
6,siendo, A ,6,1.0,1
6,prensa, A ,6,1.0,1
6,sector,   ,6,1.0,1
6,imagen,  ,6,1.0,1
6,medida,  ,6,1.0,1
6,existe,  ,6,1.0,1
6,puntos,  ,6,1.0,1
6,grupos,  ,6,1.0,1
6,futuro, #TR ,6,1.0,1
6,pronto, Rt ,5,0.8333,1
6,figura,  I ,6,1.0,1
6,nuevos,  ,6,1.0,1
6,efecto,  ,6,1.0,1
6,nuevas,  ,6,1.0,1
6,crisis, # ,6,1.0,1
6,europa, # ,6,1.0,1
6,medios, s ,5,0.8333,1
6,actual, ED ,6,1.0,1
6,siendo,  ,6,1.0,1
6,prensa,  ,6,1.0,1
6,sector,  ,6,1.0,1
6,imagen,  ,6,1.0,1
6,medida,   ,6,1.0,1
6,existe,  r ,6,1.0,1
6,puntos,  ,6,1.0,1
6,grupos, y ,6,1.0,1
6,futuro,  ,6,1.0,1
6,pronto,  ,6,1.0,1
6,figura,  ,6,1.0,1
6,nuevos,  ,6,1.0,1
6,efecto,  t ,5,0.8333,1
6,nuevas, A D&rD ,6,1.0,1
6,crisis,    ,6,1.0,1
6,europa, eTRD  ,5,0.8333,1
6,medios, y  el a ,7,1.1667,1
6,actual, a a  ,4,0.6667,1
6,siendo, Raon ,5,0.8333,1
6,prensa, MRoR x ,6,1.0,1
6,sector, o r ,5,0.8333,1
6,imagen, nonRnr ,6,1.0,1
6,medida, n D et  ,6,1.0,1
6,existe, Da  ,6,1.0,1
6,puntos, neo s ,4,0.6667,1
6,grupos, taaeDs ,5,0.8333,1
6,futuro,  a r ,5,0.8333,1
6,pronto, srar  ,5,0.8333,1
6,figura, o N  Ed ,7,1.1667,1
6,nuevos, aeRre. ,6,1.0,1
6,efecto, ee t ,3,0.5,1
6,nuevas, N.. AA # on  e. - ,15,2.5,1
6,crisis, a5R ,6,1.0,1
6,europa, #&& ARO ,7,1.1667,1
6,medios, R   ,6,1.0,1
6,actual,  atn  ,4,0.6667,1
6,siendo,  .    ,6,1.0,1
6,prensa, A n D o o ,9,1.5,1
6,sector,  f e ,6,1.0,1
6,imagen,  oa  n. ,5,0.8333,1
6,medida,  # ,6,1.0,1
6,existe, Rntl h  ,6,1.0,1
6,puntos, tRnoof  ,4,0.6667,1
6,grupos, e ,6,1.0,1
6,futuro,  ngd ,6,1.0,1
6,pronto, w5R.  ,6,1.0,1
6,figura,  a& a  A ,7,1.1667,1
6,nuevos,  nf8 fD #k ,8,1.3333,1
6,efecto, # f ,6,1.0,1
6,nuevas,  ,6,1.0,1
6,crisis,  ,6,1.0,1
6,europa, Axr  ,5,0.8333,1
6,medios, E ,6,1.0,1
6,actual,  ,6,1.0,1
6,siendo, A ,6,1.0,1
6,prensa,  r ,5,0.8333,1
6,sector,  ,6,1.0,1
6,imagen,  ,6,1.0,1
6,medida, # ,6,1.0,1
6,existe, xe o ,5,0.8333,1
6,puntos, Rerog ,5,0.8333,1
6,grupos, xd R ,6,1.0,1
6,futuro,  ,6,1.0,1
6,pronto, r ,5,0.8333,1
6,figura, ED ,6,1.0,1
6,nuevos, t a ,6,1.0,1
6,efecto,    ,6,1.0,1
6,nuevas, ge n  ,5,0.8333,1
6,crisis, Cn ,6,1.0,1
6,europa, e of ,4,0.6667,1
6,medios,    ,6,1.0,1
6,actual, R   ,6,1.0,1
6,siendo, Ireni ,4,0.6667,1
6,prensa, Rra n  . ,6,1.0,1
6,sector, ee ,5,0.8333,1
6,imagen, naEr ,5,0.8333,1
6,medida, B # ,6,1.0,1
6,existe, #r. ,6,1.0,1
6,puntos, xD o   ,5,0.8333,1
6,grupos, hr ,5,0.8333,1
6,futuro, it ,5,0.8333,1
6,pronto, og ,5,0.8333,1
6,figura, o serre.A ,8,1.3333,1
6,nuevos, raarnnra ,8,1.3333,1
6,efecto, th t ,5,0.8333,1
6,nuevas,  ,6,1.0,1
6,crisis,  # ,6,1.0,1
6,europa,  . A #a ,5,0.8333,1
6,medios,  R   ,6,1.0,1
6,actual,  A  aa  ,5,0.8333,1
6,siendo,  # f ,6,1.0,1
6,prensa, A  ,6,1.0,1
6,sector,  t  ,5,0.8333,1
6,imagen,  ho.r  D n ,8,1.3333,1
6,medida, AB #   ,6,1.0,1
6,existe,  #t    ,5,0.8333,1
6,puntos,  a    ,6,1.0,1
6,grupos,  A Rrro ,6,1.0,1
6,futuro,    ,6,1.0,1
6,pronto,  ,6,1.0,1
6,figura,  ,6,1.0,1
6,nuevos, # ,6,1.0,1
6,efecto,  ,6,1.0,1
7,durante, ,7,1.0,1
7,siempre,  ,7,1.0,1
7,fuerzas, #e ,6,0.8571,1
7,tambien, No ,7,1.0,1
7,durante,Rr   ,6,0.8571,1
7,siempre, A a  f a . ,10,1.4286,1
7,fuerzas, g E  ,7,1.0,1
7,tambien,"  ""  ore ",6,0.8571,1
7,durante,    ,7,1.0,1
7,siempre, # #D ,7,1.0,1
7,fuerzas,  E # . ,7,1.0,1
7,tambien,  n ,6,0.8571,1
7,durante, E ,7,1.0,1
7,siempre,"  piReR, ",6,0.8571,1
7,fuerzas, Bs ,6,0.8571,1
7,tambien,   ,7,1.0,1
7,sistema, A k  ,7,1.0,1
7,general,    ,7,1.0,1
7,primera, ary nn PRrtr ,10,1.4286,1
7,momento,  nR rn ,6,0.8571,1
7,trabajo,  or x ,6,0.8571,1
7,algunos, Bhf ,7,1.0,1
7,nuestro, # ,7,1.0,1
7,despues, & ahr e ,7,1.0,1
7,embargo,  F ,7,1.0,1
7,partido,   t  ,6,0.8571,1
7,sistema,  ,7,1.0,1
7,general,  rneh ,5,0.7143,1
7,primera,   f ,7,1.0,1
7,momento,  R  ,7,1.0,1
7,trabajo,  e   ,7,1.0,1
7,algunos, # ,7,1.0,1
7,nuestro, R . ,7,1.0,1
7,despues, fg ,7,1.0,1
7,embargo,   reh ,6,0.8571,1
7,partido,  e  g  ,7,1.0,1
7,sistema, h  et ,6,0.8571,1
7,general, r#o ,6,0.8571,1
7,primera,  weR ,6,0.8571,1
7,momento, prluRr ,7,1.0,1
7,trabajo,  ,7,1.0,1
7,algunos,  Ra ,7,1.0,1
7,nuestro, hNd ,7,1.0,1
7,despues, # R  ,7,1.0,1
7,embargo, Rn ,7,1.0,1
7,partido," o""  ",7,1.0,1
7,sistema,  g ,7,1.0,1
7,general, BR  D ,7,1.0,1
7,primera, fin ,6,0.8571,1
7,momento, p Do ,6,0.8571,1
7,trabajo,  ,7,1.0,1
7,algunos, R fl ,7,1.0,1
7,nuestro, ah ,7,1.0,1
7,despues,  ,7,1.0,1
7,embargo, f  n ,7,1.0,1
7,partido, f  ,7,1.0,1
7,sistema,  o ,7,1.0,1
7,general,  ,7,1.0,1
7,primera, r ,6,0.8571,1
7,momento,  ,7,1.0,1
7,trabajo,   ,7,1.0,1
7,algunos,   ,7,1.0,1
7,nuestro,  ,7,1.0,1
7,despues,  ,7,1.0,1
7,embargo, rr ,6,0.8571,1
7,partido,  ,7,1.0,1
7,sistema, pa ,6,0.8571,1
7,general, lrnr ,5,0.7143,1
7,primera, reor .. ,7,1.0,1
7,momento, a ,7,1.0,1
7,trabajo, #efr  ,7,1.0,1
7,algunos,  ,7,1.0,1
7,nuestro, w ,7,1.0,1
7,despues, aar ,7,1.0,1
7,embargo, nrrre ,6,0.8571,1
7,partido, e ,7,1.0,1
7,grandes, # ,7,1.0,1
7,nuestra,   ,7,1.0,1
7,ejemplo,  a ,7,1.0,1
7,acuerdo, a 5 ,6,0.8571,1
7,estados, d ,6,0.8571,1
7,posible, Br ,7,1.0,1
7,proceso, 5RI ,7,1.0,1
7,sentido,    ,7,1.0,1
7,incluso,  ,7,1.0,1
7,familia, pps e g ,7,1.0,1
7,mujeres, 8re3r ,6,0.8571,1
7,derecho,  rs f ,6,0.8571,1
7,hombres, horrnPsDr ,6,0.8571,1
7,algunas, a sD ,6,0.8571,1
7,segundo, Bas ,7,1.0,1
7,grandes, ##  ,7,1.0,1
7,nuestra, #  a ,6,0.8571,1
7,ejemplo,  # e ,6,0.8571,1
7,acuerdo,     ,7,1.0,1
7,estados, ##   ,7,1.0,1
7,posible,  #  ,7,1.0,1
7,proceso, a  # ,7,1.0,1
7,sentido, s   # ,6,0.8571,1
7,incluso,   # ,7,1.0,1
7,familia,   ,7,1.0,1
7,mujeres,   ,7,1.0,1
7,derecho,    ,7,1.0,1
7,hombres,   e ,6,0.8571,1
7,algunas,   ,7,1.0,1
7,segundo,    ,7,1.0,1
7,grandes,  P   ,7,1.0,1
7,nuestra,  ##  # ,7,1.0,1
7,ejemplo,  #  # # ,7,1.0,1
7,acuerdo,  #  ,7,1.0,1
7,estados, #  y ,7,1.0,1
7,posible, #     ,7,1.0,1
7,proceso, aa  ,7,1.0,1
7,sentido, a   ,7,1.0,1
7,incluso, Ae R# ,7,1.0,1
7,familia, iu  ,6,0.8571,1
7,mujeres,  a  ,7,1.0,1
7,derecho,  # ,7,1.0,1
7,hombres, #r # ,6,0.8571,1
7,algunas, O  ,7,1.0,1
7,segundo, a a   ,7,1.0,1
7,grandes, R  ,7,1.0,1
7,nuestra, o  & Dr #  # ,11,1.5714,1
7,ejemplo, R R ap ,7,1.0,1
7,acuerdo,   ,7,1.0,1
7,estados,    ,7,1.0,1
7,posible,  ,7,1.0,1
7,proceso, rhR ,6,0.8571,1
7,sentido,  nt ,5,0.7143,1
7,incluso, o  ,6,0.8571,1
7,familia,  ,7,1.0,1
7,mujeres,  # ,7,1.0,1
7,derecho, #   ,7,1.0,1
7,hombres, Re # A. ,7,1.0,1
7,algunas,  ,7,1.0,1
7,segundo,  ,7,1.0,1
7,grandes, A rta  pr. ,8,1.1429,1
7,nuestra, h #  ,7,1.0,1
7,ejemplo, senr ,6,0.8571,1
7,acuerdo,  5t ,7,1.0,1
7,estados, fod ,6,0.8571,1
7,posible, ofnomre ,6,0.8571,1
7,proceso, aa# ,7,1.0,1
7,sentido, aoa ,7,1.0,1
7,incluso,  # ,7,1.0,1
7,familia, #  # f ,7,1.0,1
7,mujeres, r ,6,0.8571,1
7,derecho,  # # # ,7,1.0,1
7,hombres, no ,6,0.8571,1
7,algunas,  ,7,1.0,1
7,segundo,  r # # ,7,1.0,1
7,pesetas, ## ,7,1.0,1
7,primero,   ,7,1.0,1
7,quienes, 2 ,7,1.0,1
7,mercado,  ,7,1.0,1
7,minutos,  r.s  ,6,0.8571,1
7,aquella, #i. ,7,1.0,1
7,segunda,  ,7,1.0,1
7,persona,  # ,7,1.0,1
7,empresa,  ,7,1.0,1
7,mundial, snneti ,6,0.8571,1
7,tampoco, N ,7,1.0,1
7,hubiera,  ,7,1.0,1
7,antonio, CrrnR ,6,0.8571,1
7,pesetas, es ,5,0.7143,1
7,primero, fsreare ,6,0.8571,1
7,quienes, R ,7,1.0,1
7,mercado, #z ,7,1.0,1
7,minutos, rA  ,7,1.0,1
7,aquella, Rhft ,7,1.0,1
7,segunda, eE ,6,0.8571,1
7,persona, R ,7,1.0,1
7,empresa, rnre ,5,0.7143,1
7,mundial, r ,7,1.0,1
7,tampoco,  E ,7,1.0,1
7,hubiera,  t rR ,6,0.8571,1
7,antonio, Elx ,7,1.0,1
7,pesetas, # ,7,1.0,1
7,primero, #r ,6,0.8571,1
7,quienes,  # ,7,1.0,1
7,mercado, ## ,7,1.0,1
7,minutos, # # ,7,1.0,1
7,aquella,  z  ,7,1.0,1
7,segunda,   hhe  af  ,7,1.0,1
7,persona,  ## ,7,1.0,1
7,empresa, # # ,7,1.0,1
7,mundial, Paannonrtaae ,10,1.4286,1
7,tampoco,  #  ,7,1.0,1
7,hubiera, # p ,7,1.0,1
7,antonio, on ,5,0.7143,1
7,pesetas, #  ,7,1.0,1
7,primero,   ,7,1.0,1
7,quienes,  # r ,7,1.0,1
7,mercado,   ,7,1.0,1
7,minutos, # ,7,1.0,1
7,aquella,  ,7,1.0,1
7,segunda, Ax  ,7,1.0,1
7,persona, n ,6,0.8571,1
7,empresa,  sR ,6,0.8571,1
7,mundial, R   ,7,1.0,1
7,tampoco,  ,7,1.0,1
7,hubiera,  ,7,1.0,1
7,antonio,  # ,7,1.0,1
7,pesetas, ee ,5,0.7143,1
7,primero,e n ,6,0.8571,1
7,quienes, EerR ,6,0.8571,1
7,mercado,   t  ,7,1.0,1
7,minutos, oE ,6,0.8571,1
7,aquella, A  ,7,1.0,1
7,segunda, R ,7,1.0,1
7,persona,   Ta ,6,0.8571,1
7,empresa, o RR Re ,7,1.0,1
7,mundial, aRoe ,7,1.0,1
7,tampoco, eoarRF ,7,1.0,1
7,hubiera,  ot ,7,1.0,1
7,antonio, ANitore ,6,0.8571,1
7,calidad, Ise #  ,7,1.0,1
7,estamos,   sot ,5,0.7143,1
7,control,  e  ,7,1.0,1
7,mundial, I A.o ,7,1.0,1
7,capital, .   . ,7,1.0,1
7,espacio, anr ,6,0.8571,1
7,estudio,   pt  ,6,0.8571,1
7,cultura, Ia  F& ,7,1.0,1
7,consejo, #   #  ,7,1.0,1
7,ninguna,  s  ,7,1.0,1
7,central, #   ,7,1.0,1
7,estaban,   # 8 ,7,1.0,1
7,militar,   ,7,1.0,1
7,calidad, #x ,7,1.0,1
7,estamos, # ,7,1.0,1
7,control, #R ,7,1.0,1
7,mundial,a ,6,0.8571,1
7,capital, #  ,7,1.0,1
7,espacio,  ,7,1.0,1
7,estudio,  a ,7,1.0,1
7,cultura, edA ,7,1.0,1
7,consejo,   ,7,1.0,1
7,ninguna, n ,6,0.8571,1
7,central,   ,7,1.0,1
7,estaban,  ,7,1.0,1
7,militar, o ,7,1.0,1
7,calidad,   ,7,1.0,1
7,estamos,  ,7,1.0,1
7,control, E ,7,1.0,1
7,mundial,  ,7,1.0,1
7,capital, ERa on ,7,1.0,1
7,espacio,  ,7,1.0,1
7,estudio, y ,7,1.0,1
7,cultura, # ,7,1.0,1
7,consejo, #A  ,7,1.0,1
7,ninguna, rA ,7,1.0,1
7,central, a # ,7,1.0,1
7,estaban,   ,7,1.0,1
7,militar,   ,7,1.0,1
7,calidad, T enhiex of ,10,1.4286,1
7,estamos, oR ,6,0.8571,1
7,control, #ne ,6,0.8571,1
7,mundial, rnonaex ,6,0.8571,1
7,capital, TNDa ,6,0.8571,1
7,espacio, orsD8aeirs ,7,1.0,1
7,estudio,  e  ,6,0.8571,1
7,cultura, Pes ares  ,7,1.0,1
7,consejo, Tsen0 ,5,0.7143,1
7,ninguna, aoeo eA. ,8,1.1429,1
7,central, a  ,6,0.8571,1
7,estaban, fkar ,6,0.8571,1
7,militar, i  ,6,0.8571,1
7,calidad, 9    ,7,1.0,1
7,estamos, #  o ,6,0.8571,1
7,control,  fo ,6,0.8571,1
7,mundial, R8&on oat n  ,9,1.2857,1
7,capital, # f  ,7,1.0,1
7,espacio, # o ,6,0.8571,1
7,estudio, #  ,7,1.0,1
7,cultura,  1e aher noe ,10,1.4286,1
7,consejo, r s lt ,6,0.8571,1
7,ninguna, nrAeM e ,6,0.8571,1
7,central,  oote  ,6,0.8571,1
7,estaban,  fe . r ,7,1.0,1
7,militar, pn   so ,7,1.0,1
7,calidad, E ,7,1.0,1
7,estamos, # ,7,1.0,1
7,control,   ,7,1.0,1
7,mundial, oR ,7,1.0,1
7,capital, # ,7,1.0,1
7,espacio,  ,7,1.0,1
7,estudio,  ,7,1.0,1
7,cultura, er ,6,0.8571,1
7,consejo,  # ,7,1.0,1
7,ninguna, ue erR  ,7,1.0,1
7,central, #e ,6,0.8571,1
7,estaban, a rr ,6,0.8571,1
7,militar, r aafn ,7,1.0,1
7,calidad, Eetexe ,7,1.0,1
7,estamos, An ,7,1.0,1
7,control, trep ,5,0.7143,1
7,mundial, aree  ,7,1.0,1
7,capital, EFair ,6,0.8571,1
7,espacio, Rooao ,5,0.7143,1
7,estudio, #ea  ,7,1.0,1
7,cultura,  ereE ,7,1.0,1
7,consejo, in ,6,0.8571,1
7,ninguna, in Eern ,6,0.8571,1
7,central, Cenno  ,5,0.7143,1
7,estaban, o  ,7,1.0,1
7,militar, y i  ,6,0.8571,1
7,calidad,  Ah ,7,1.0,1
7,estamos,   # ,7,1.0,1
7,control, f   ,7,1.0,1
7,mundial, o  ,7,1.0,1
7,capital,  .D   ,7,1.0,1
7,espacio, & R ,7,1.0,1
7,estudio, I . ,7,1.0,1
7,cultura, RA A A  FH ,10,1.4286,1
7,consejo, o  ,6,0.8571,1
7,ninguna, T RGR F ,7,1.0,1
7,central, T   ,7,1.0,1
7,estaban,  ,7,1.0,1
7,militar,   ,7,1.0,1
8,gobierno,  ,8,1.0,1
8,gobierno, R ,8,1.0,1
8,gobierno,  ,8,1.0,1
8,gobierno, #  ,8,1.0,1
8,historia,  e  ,8,1.0,1
8,mientras, fa on  ,8,1.0,1
8,millones, Rnnan Rn ,8,1.0,1
8,nacional, tnAao ,7,0.875,1
8,entonces,    e ,7,0.875,1
8,personas, satnr ,7,0.875,1
8,historia,    ,8,1.0,1
8,mientras, #   ,8,1.0,1
8,millones, haR&  ,8,1.0,1
8,nacional,   E ,8,1.0,1
8,entonces,    ,8,1.0,1
8,personas,    ,8,1.0,1
8,historia, h ,7,0.875,1
8,mientras, pda  ,7,0.875,1
8,millones, pi ,7,0.875,1
8,nacional,   ,8,1.0,1
8,entonces," feie""  ",7,0.875,1
8,personas, oh ,7,0.875,1
8,historia, d ,8,1.0,1
8,mientras,   Ap ,8,1.0,1
8,millones, aAn D ,7,0.875,1
8,nacional, oAoe ,7,0.875,1
8,entonces,  l ,8,1.0,1
8,personas, AR ,8,1.0,1
8,historia, A  ,8,1.0,1
8,mientras, AR  ,8,1.0,1
8,millones,  E ,8,1.0,1
8,nacional, ne o ,6,0.75,1
8,entonces,    ,8,1.0,1
8,personas,  ,8,1.0,1
8,historia,    ,8,1.0,1
8,mientras, o  ,8,1.0,1
8,millones, nzARe  ,7,0.875,1
8,nacional, nRe ,7,0.875,1
8,entonces,  ,8,1.0,1
8,personas,  ,8,1.0,1
8,ministro, Arsars  ,6,0.75,1
8,director, t s  ,7,0.875,1
8,realidad, # e  ,8,1.0,1
8,sociedad, # ,8,1.0,1
8,nosotros, Nrur rrs ,6,0.75,1
8,problema, f2soepaE5 ,8,1.0,1
8,ministro, p      # ,8,1.0,1
8,director,   ,8,1.0,1
8,realidad,     ,8,1.0,1
8,sociedad, I #   ,8,1.0,1
8,nosotros,    ,8,1.0,1
8,problema, #    ,8,1.0,1
8,ministro, R # ,8,1.0,1
8,director,   ,8,1.0,1
8,realidad,   .. ,8,1.0,1
8,sociedad, a ,7,0.875,1
8,nosotros,  #. ,8,1.0,1
8,problema, 8 ,8,1.0,1
8,ministro,    ,8,1.0,1
8,director,     ,8,1.0,1
8,realidad, # D r    ,8,1.0,1
8,sociedad,     ,8,1.0,1
8,nosotros, B ,8,1.0,1
8,problema, RnA ,8,1.0,1
8,ministro,    ,8,1.0,1
8,director, #   ,8,1.0,1
8,realidad, R ,8,1.0,1
8,sociedad, # ,8,1.0,1
8,nosotros, # ,8,1.0,1
8,problema,   ,8,1.0,1
8,servicio,  onraR  ,7,0.875,1
8,especial,  # t# ,8,1.0,1
8,respecto,   ,8,1.0,1
8,proyecto,   ,8,1.0,1
8,palabras,  r ,7,0.875,1
8,justicia,  a th. # #. ,10,1.25,1
8,programa, ##. ,8,1.0,1
8,interior,  ##  ,8,1.0,1
8,servicio,   ,8,1.0,1
8,especial,   ,8,1.0,1
8,respecto, RB ,8,1.0,1
8,proyecto, rg ,7,0.875,1
8,palabras, Aao ,7,0.875,1
8,justicia, Nrs ,7,0.875,1
8,programa, aR7z ,8,1.0,1
8,interior,    #E ,8,1.0,1
8,servicio, # ,8,1.0,1
8,especial,  ##s ,8,1.0,1
8,respecto,  ,8,1.0,1
8,proyecto,   ,8,1.0,1
8,palabras,  e   s# ,8,1.0,1
8,justicia, # # ,8,1.0,1
8,programa, # ,8,1.0,1
8,interior,  ,8,1.0,1
8,servicio, t  ,8,1.0,1
8,especial, r ,8,1.0,1
8,respecto,  ,8,1.0,1
8,proyecto,  ,8,1.0,1
8,palabras, #   ,8,1.0,1
8,justicia,  xn  ,8,1.0,1
8,programa,   ,8,1.0,1
8,interior,    ,8,1.0,1
8,servicio, BO ren    ,8,1.0,1
8,especial, OlN ,8,1.0,1
8,respecto, g e   ,7,0.875,1
8,proyecto, Anx1R ,8,1.0,1
8,palabras,   s ,7,0.875,1
8,justicia, A A offi ,8,1.0,1
8,programa, nR ,8,1.0,1
8,interior, orER ,7,0.875,1
8,sociales,   . : ,8,1.0,1
8,recursos,    ,8,1.0,1
8,primeros, f #   ge ,8,1.0,1
8,libertad,   . ,8,1.0,1
8,empresas, no    aA D ,9,1.125,1
8,anterior, r5    ,7,0.875,1
8,mediante,   p  ,8,1.0,1
8,personal,  # R  ,8,1.0,1
8,miembros, R    ,8,1.0,1
8,aquellos,   ,8,1.0,1
8,nuestros,    #  ,8,1.0,1
8,justicia, A5   ,8,1.0,1
8,sociales,  ,8,1.0,1
8,recursos,  ,8,1.0,1
8,primeros, f or ,7,0.875,1
8,libertad, o ,8,1.0,1
8,empresas,  ,8,1.0,1
8,anterior,  o ,7,0.875,1
8,mediante, # ,8,1.0,1
8,personal, # ,8,1.0,1
8,miembros, es ,6,0.75,1
8,aquellos,  ,8,1.0,1
8,nuestros,  ,8,1.0,1
8,justicia,  ,8,1.0,1
8,sociales,  ,8,1.0,1
8,recursos, # ,8,1.0,1
8,primeros, R  ,8,1.0,1
8,libertad,   ,8,1.0,1
8,empresas,  ,8,1.0,1
8,anterior, # ,8,1.0,1
8,mediante, R ,8,1.0,1
8,personal, rR ,7,0.875,1
8,miembros, r ,7,0.875,1
8,aquellos,  ,8,1.0,1
8,nuestros,  ,8,1.0,1
8,justicia, A ,8,1.0,1
8,sociales, sss so  s ,7,0.875,1
8,recursos, Rs7D eor.. ,9,1.125,1
8,primeros, Mio0Ma ,7,0.875,1
8,libertad, inRr aof ,6,0.75,1
8,empresas, RreR ,6,0.75,1
8,anterior, ao . y i ,7,0.875,1
8,mediante, o oefame  ,7,0.875,1
8,personal, wspr2r ee ,8,1.0,1
8,miembros, wo  0 n   ,8,1.0,1
8,aquellos,  ae o  ,5,0.625,1
8,nuestros, aae#ns ,6,0.75,1
8,justicia, A a  ,7,0.875,1
8,sociales,  o  no ,7,0.875,1
8,recursos, sle 81nrr.s s. ,10,1.25,1
8,primeros, 57  RIr # ,8,1.0,1
8,libertad,  #Aefa ,6,0.75,1
8,empresas, #MRRR A.dr ,10,1.25,1
8,anterior,  e #e n. ,7,0.875,1
8,mediante, r n     ,7,0.875,1
8,personal, ##    ,8,1.0,1
8,miembros,     ,8,1.0,1
8,aquellos, # ,8,1.0,1
8,nuestros, R.&8  ,8,1.0,1
8,justicia, a oRr  . ,8,1.0,1
8,sociales,  ,8,1.0,1
8,recursos, I s e ,7,0.875,1
8,primeros,  ,8,1.0,1
8,libertad, ft ,7,0.875,1
8,empresas,  ,8,1.0,1
8,anterior, ax  ,7,0.875,1
8,mediante,  #Pa. ,7,0.875,1
8,personal, RereE  ,6,0.75,1
8,miembros, AARo. ,7,0.875,1
8,aquellos, E ,8,1.0,1
8,nuestros, A ,8,1.0,1
8,justicia, .  ,8,1.0,1
8,sociales, sis o1  ,6,0.75,1
8,recursos, Tearr e  ,6,0.75,1
8,primeros, nrenere ,5,0.625,1
8,libertad,"  ""e ",7,0.875,1
8,empresas, #reer ,6,0.75,1
8,anterior, Enr ,6,0.75,1
8,mediante, w#Br  ,8,1.0,1
8,personal, erenn ,5,0.625,1
8,miembros,   ,8,1.0,1
8,aquellos, B ,8,1.0,1
8,nuestros, a ,8,1.0,1
8,justicia, A ee  saf  ,8,1.0,1
8,sociales, ft  ,8,1.0,1
8,recursos, d ,8,1.0,1
8,primeros, i  ii. ,7,0.875,1
8,libertad, R ff rNP& ,8,1.0,1
8,empresas, R  # ,8,1.0,1
8,anterior, n  MA   ,7,0.875,1
8,mediante, A A N ,8,1.0,1
8,personal, e  i  ,7,0.875,1
8,miembros, F       ,8,1.0,1
8,aquellos,  ,8,1.0,1
8,nuestros, # ,8,1.0,1
8,justicia,  ,8,1.0,1
9,cualquier, A ,9,1.0,1
9,cualquier, dn D A R o  ,10,1.1111,1
9,cualquier, fRba e Rd ,9,1.0,1
9,cualquier, PRk. A ,9,1.0,1
9,cualquier, e ,8,0.8889,1
9,cualquier, fi.  ,8,0.8889,1
9,problemas, # 7 # ,9,1.0,1
9,problemas,    ,9,1.0,1
9,problemas, 88 ,9,1.0,1
9,problemas, R R ,9,1.0,1
9,problemas, sf  ,9,1.0,1
9,seguridad,  ## # e ,9,1.0,1
9,barcelona,   ,9,1.0,1
9,presencia, Mirles ,8,0.8889,1
9,seguridad, Aereao ,6,0.6667,1
9,barcelona, f    ,9,1.0,1
9,presencia,  ,9,1.0,1
9,seguridad,  ,9,1.0,1
9,barcelona,  a ,8,0.8889,1
9,presencia, # # D ,9,1.0,1
9,seguridad,   i   ,8,0.8889,1
9,barcelona, h ,9,1.0,1
9,presencia,   ,9,1.0,1
9,seguridad, g eTE ,8,0.8889,1
9,barcelona, rr ThRa ,7,0.7778,1
9,presencia, arerrn ,6,0.6667,1
9,necesidad, t ,9,1.0,1
9,servicios,"  R "" ",9,1.0,1
9,principio,  #  E ,9,1.0,1
9,actividad,   ,9,1.0,1
9,capacidad,       ,9,1.0,1
9,necesario, a ,8,0.8889,1
9,siguiente, s  h . ,8,0.8889,1
9,comunidad, Euh ,8,0.8889,1
9,necesidad,  ,9,1.0,1
9,servicios,  ,9,1.0,1
9,principio, R ,9,1.0,1
9,actividad,   ,9,1.0,1
9,capacidad, E ,9,1.0,1
9,necesario, p  ,9,1.0,1
9,siguiente,  ,9,1.0,1
9,comunidad, Rnon   ,8,0.8889,1
9,necesidad, t ,9,1.0,1
9,servicios, s ,8,0.8889,1
9,principio, fe ,9,1.0,1
9,actividad,  ,9,1.0,1
9,capacidad, B ,9,1.0,1
9,necesario,  ,9,1.0,1
9,siguiente, a ,9,1.0,1
9,comunidad, ER ,9,1.0,1
9,necesidad, we eD.    ,7,0.7778,1
9,servicios,  aoaAfi ,8,0.8889,1
9,principio, D inmnensains  ,10,1.1111,1
9,actividad, e #ea ,8,0.8889,1
9,capacidad, e2 enet  ,9,1.0,1
9,necesario, oaeezre ,7,0.7778,1
9,siguiente, BieNeeo a ,7,0.7778,1
9,comunidad, rneRosiehert ,11,1.2222,1
9,necesidad, oD  o pk n R  ,12,1.3333,1
9,servicios,  f5znr ,9,1.0,1
9,principio,  AI EB ARA ,9,1.0,1
9,actividad, e .  ,9,1.0,1
9,capacidad, n n a en  ,9,1.0,1
9,necesario, 8 #  # ,9,1.0,1
9,siguiente, re9Ae a N  ,9,1.0,1
9,comunidad, #ne1.s o  ,9,1.0,1
9,necesidad," ae ""e ",8,0.8889,1
9,servicios, IRre ,8,0.8889,1
9,principio, er#  ,8,0.8889,1
9,actividad, Enrtdo ,8,0.8889,1
9,capacidad,  rRlae ,8,0.8889,1
9,necesario, reEeTare ,5,0.5556,1
9,siguiente, eerre ,7,0.7778,1
9,comunidad, ERen ,8,0.8889,1
9,necesidad, oDs & et e ,10,1.1111,1
9,servicios, re  s ,7,0.7778,1
9,principio, Aroih ,7,0.7778,1
9,actividad, rxxneene ,9,1.0,1
9,capacidad, nR Aee l ,9,1.0,1
9,necesario, ee es ertkes ,8,0.8889,1
9,siguiente, Doie11eeo. ,8,0.8889,1
9,comunidad, I pnnaa Nenl ,11,1.2222,1
9,necesidad,   ,9,1.0,1
9,servicios,   Rh s ,8,0.8889,1
9,principio, a p n ,8,0.8889,1
9,actividad, pg a   # ,9,1.0,1
9,capacidad, #R ,9,1.0,1
9,necesario,  ,9,1.0,1
9,siguiente, o r ,9,1.0,1
9,comunidad, ni#  ,7,0.7778,1
10,presidente, Ares leove ,5,0.5,1
10,presidente, T nt ,8,0.8,1
10,presidente,  r  e  ,8,0.8,1
10,presidente,    s  ,9,0.9,1
10,presidente,  ,10,1.0,1
10,presidente, rer ,8,0.8,1
10,importante,     ,10,1.0,1
10,desarrollo,  B   ,10,1.0,1
10,importante,   ,10,1.0,1
10,desarrollo,  #  ,10,1.0,1
10,importante, R#   ,10,1.0,1
10,desarrollo, B. 8 ,10,1.0,1
10,importante, h ,10,1.0,1
10,desarrollo,  A F5a ,10,1.0,1
10,importante, aa ,9,0.9,1
10,desarrollo, B ,10,1.0,1
10,diferentes, t D o g s ,9,0.9,1
10,relaciones, T # ,10,1.0,1
10,movimiento, BR  ,10,1.0,1
10,resultados, #  ,10,1.0,1
10,diferentes, n  ,9,0.9,1
10,relaciones,  ,10,1.0,1
10,movimiento, nNog ,9,0.9,1
10,resultados,  ,10,1.0,1
10,diferentes, or ,9,0.9,1
10,relaciones, # ,10,1.0,1
10,movimiento, o  ,9,0.9,1
10,resultados, a ,9,0.9,1
10,diferentes, oll areon o ,9,0.9,1
10,relaciones, paoeee i pzoA ,11,1.1,1
10,movimiento,  #s onien ,7,0.7,1
10,resultados, aeseE ,8,0.8,1
10,diferentes, e Dn8r ns ,8,0.8,1
10,relaciones, n8 a ,9,0.9,1
10,movimiento, #ni ,9,0.9,1
10,resultados, se   ,9,0.9,1
10,diferentes, ferh ,7,0.7,1
10,relaciones,  ,10,1.0,1
10,movimiento, aMEe  ,9,0.9,1
10,resultados, o  ,9,0.9,1
10,diferentes, a aee ,8,0.8,1
10,relaciones, re   onee ,5,0.5,1
10,movimiento, nn plleomrennes ,12,1.2,1
10,resultados, n ,10,1.0,1
10,diferentes, Pi #   nn r ,9,0.9,1
10,relaciones, p# &  a p R. ,12,1.2,1
10,movimiento, o# ,9,0.9,1
10,resultados, # R # ,10,1.0,1
11,condiciones, ars ,10,0.9091,1
11,condiciones, R R ,11,1.0,1
11,condiciones,  fsi #  # ,10,0.9091,1
11,condiciones,    ,11,1.0,1
11,condiciones, RBRo.# ,10,0.9091,1
11,posibilidad, th o ,11,1.0,1
11,universidad, A r   ,10,0.9091,1
11,posibilidad,    ,11,1.0,1
11,universidad, nR ,10,0.9091,1
11,posibilidad,  ,11,1.0,1
11,universidad, w#  ,11,1.0,1
11,posibilidad, As ztiaf ,8,0.7273,1
11,universidad, aNoidreTR ie f ,11,1.0,1
11,posibilidad, re      ,11,1.0,1
11,universidad, 1e rs a  o r oa ,15,1.3636,1
11,posibilidad,   ,11,1.0,1
11,universidad,  ,11,1.0,1
11,posibilidad,   ,11,1.0,1
11,universidad," 1N, nA'erar fen e ",14,1.2727,1
11,posibilidad, sda ,8,0.7273,1
11,universidad,     ,11,1.0,1
